flutter,oid,engine,dart,snapshot
2.2.0-10.3.pre,06e2fd63574bad2edafbe4653104ed76871ee0b1,a123e75c6082da3a08f229b9c565e64b5b24a8a3,4511eb2a779a612d9d6b2012123575013e0aef12,e4a09dbf2bb120fe4674e0576617a0dc
2.3.0-1.0.pre,d97f41caed971d4668ffe56699367ec3978db8f6,e7939e091e2c995db93e8febd2814e9235225925,1e3e5efcd47edeb7ae5a69e146c8ea0559305a98,960c5f6e01bf057848eae4f97e563a36
2.0.6,1d9032c7e1d867f071f2277eb1673e8f9b0274e3,05e680e202af9a92461070cb2d9982acad46c83c,7c8c6b3053d0ba91fcf15f81c45650184dc27e88,5b97292b25f0a715613b7a28e0734f77
2.2.0-10.2.pre,b5017bf8de877083978bfeb1874d236c3fc83029,91ed51e05c68efdbddf642735f164fc914358cff,5cae07b3980f4684d3d477457c307a67235adf99,e4a09dbf2bb120fe4674e0576617a0dc
2.3.0-0.1.pre,d72bfb8d073c6cf943a6637290dd3f8cdad11831,de6e1adf9730aad8e531690d2b3752b663ebbdaa,d05e7fc462ba229af2117989f30708a03e45550b,e89bb14ef57e26574631b8178f11ee79
2.3.0-0.0.pre,21fd5cdd1a2b5e9a97b2df80e5c40f94c096748f,de6e1adf9730aad8e531690d2b3752b663ebbdaa,d05e7fc462ba229af2117989f30708a03e45550b,e89bb14ef57e26574631b8178f11ee79
2.0.5,adc687823a831bbebe28bdccfac1a628ca621513,b09f014e9658da6647361e7e416d1a159d34192d,7c8c6b3053d0ba91fcf15f81c45650184dc27e88,5b97292b25f0a715613b7a28e0734f77
2.2.0-10.1.pre,0941968447ea8058e56e1479f7e53147149b739e,d2a2e93510ad6cfc3d62a90d903b7056e4da8264,94162a28126443d4c3f1a7c9267ec1d69d38b330,34f6eec64e9371856eaaa278ccf56538
2.2.0-10.0.pre,0efb28d7061b8d4126c48e72b9156bf2f0584ded,56b13559807bf4cb83d16c659757d6ae4f209490,dda1a31495e39a77b463753caf1295eaa47bc983,34f6eec64e9371856eaaa278ccf56538
2.0.4,b1395592de68cc8ac4522094ae59956dd21a91db,2dce47073a378673f6ca095e91b8065544c3a881,65376c07234d1df472662d21dff2498ab2d3cdda,5b97292b25f0a715613b7a28e0734f77
2.0.3,4d7946a68d26794349189cf21b3f68cc6fe61dcb,3459eb24361807fb186953a864cf890fa8e9d26a,65376c07234d1df472662d21dff2498ab2d3cdda,5b97292b25f0a715613b7a28e0734f77
2.1.0-12.2.pre,5bedb7b1d5698ce2c1c67aaf9afae7b3948b172a,711ab3fda05004ee5f6035f2a0bf099fca39a129,64a5583ffbc920080d1cc04c316d8a949f0ea317,39a9141bbcc3cae43e6f9f6b7fbaafe3
2.0.2,8962f6dc68ec8e2206ac2fa874da4a453856c7d3,5d8bf811b3072390933d69f3e289a4bb673636c4,d6e7aacfe6d19c8d478dcf3e315b76720813a417,5b97292b25f0a715613b7a28e0734f77
2.1.0-12.1.pre,8264cb3e8a797eef39cbcd32bb56fd07790efb7f,711ab3fda05004ee5f6035f2a0bf099fca39a129,64a5583ffbc920080d1cc04c316d8a949f0ea317,39a9141bbcc3cae43e6f9f6b7fbaafe3
2.1.0-12.0.pre,698d4389604ef1f0fecda9c93cfba6a2e5d06a7d,2441c476a6b4585bc8ae09f79b5d3a70b3261aee,64a5583ffbc920080d1cc04c316d8a949f0ea317,39a9141bbcc3cae43e6f9f6b7fbaafe3
2.0.1,c5a4b4029c0798f37c4a39b479d7cb75daa7b05c,40441def692f444660a11e20fac37af9050245ab,72c1995001d1214138a8186032f2199f237bc505,5b97292b25f0a715613b7a28e0734f77
2.0.0,60bd88df915880d23877bfc1602e8ddcf4c4dd2a,40441def692f444660a11e20fac37af9050245ab,72c1995001d1214138a8186032f2199f237bc505,5b97292b25f0a715613b7a28e0734f77
2.1.0-10.0.pre,cc9b78fc5c4a4d2d51316d9626523336230a89a9,a252ec09b74cca0f8d8d3450566bf77c77f81e8d,63c6585d849917a20aca415bc9df49cf97362b92,f6a6cef736ffc4c3af80bffd37d6e45b
1.26.0-17.8.pre,044f2cf5607a26f8818dab0f766400e85c52bdff,042c82b02c83c20e57a67d86a8d3b7677d983556,33cba2d358cf0726adba4a994c9514422e0ab027,5b97292b25f0a715613b7a28e0734f77
1.26.0-17.7.pre,68e7d2e301e1969275cd11947e900b6b80405052,4a466e17cb02da06e9e256a278cb9779f2abb245,efa74fd7dbec036b70ed5537f79a0ba994cf0e75,5b97292b25f0a715613b7a28e0734f77
1.27.0-8.0.pre,b7d4806243a4e906bf061f79a0e314ba28111aa6,6993cb229b99e6771c6c6c2b884ae006d8160a0f,1e0fec6e48cf89f46973af38a5c2de4bc760a135,e8b7543ba0865c5bac45bf158bb3d4c1
1.27.0-4.0.pre,f8cd24de95b16b5a1ce6ebc0716154271fbf6252,1d537824d6d29bf9967172d32450ef0671097cef,1e0fec6e48cf89f46973af38a5c2de4bc760a135,e8b7543ba0865c5bac45bf158bb3d4c1
1.26.0-17.6.pre,a29104a69b102a7485cd00d358eaeab219d258ab,21fa8bb99e9a20563d9a7d39afeba8e5c811a7eb,cc15e7439ae2c596b2ca0c5c032e294a20843e30,5b97292b25f0a715613b7a28e0734f77
1.26.0-17.5.pre,1fe38dcb5fc58242c6e0904a318bcc3ed5a4d837,d4453f601890ec682bbf8f5659b70f15cce1d67d,bc1fa173477efb6192bddd5f95c1ad0cccbc8d6f,5b97292b25f0a715613b7a28e0734f77
1.26.0-17.4.pre,48c9d3e0e19e8fec84f1d316ce0559f26ca7277d,2c527d6c7e70e2f51bca1a46f1174b250f84c5da,e5dd92c3ca766810e0e5a02d8725b1cebc19f564,5b97292b25f0a715613b7a28e0734f77
1.27.0-1.0.pre,68c96f100e42ab3dbf43e61e9e2fc875a2d50cb8,b04955656c87de0d80d259792e3a0e4a23b7c260,51035f288d30169dae8ba4a81d2fba377e76a77b,3309d422163e238c4f079ab2eff8468e
1.26.0-17.3.pre,4b50ca7f7fbf56be72e54cd200825b760416a356,2c527d6c7e70e2f51bca1a46f1174b250f84c5da,e5dd92c3ca766810e0e5a02d8725b1cebc19f564,5b97292b25f0a715613b7a28e0734f77
1.26.0-17.2.pre,79b49b9e1057f90ebf797725233c6b311722de69,2c527d6c7e70e2f51bca1a46f1174b250f84c5da,e5dd92c3ca766810e0e5a02d8725b1cebc19f564,5b97292b25f0a715613b7a28e0734f77
1.26.0-17.1.pre,c40e5294dda34d04cd222dfdf765f171e12e4a8d,5d3477eab415fbcc3d58624b07f0a768f8208f98,2607b01bec99f324e45b00fde76591f244f65a4e,f825989a7b7325a3cb548893706a89cd
1.26.0-17.0.pre,384b4d1b83c0a5b7364ab7bcc5ce85f60d05e4a6,5d3477eab415fbcc3d58624b07f0a768f8208f98,2607b01bec99f324e45b00fde76591f244f65a4e,f825989a7b7325a3cb548893706a89cd
1.22.6,9b2d32b605630f28625709ebd9d78ab3016b2bf6,2f0af3715217a0c2ada72c717d4ed9178d68f6ed,2ea318b540948b55306bf82fd34b2c84ec634f48,8ee4ef7a67df9845fba331734198a953
1.26.0-12.0.pre,a706cd211240f27be3b61f06d70f958c7a4156fe,effb529ecec86cbcad2ced2a567cb14ab20b10d5,3629a798353d6c8d642acc41e30f31e24a12af66,37f5a68f6d9885a875de9587a2fb600c
1.25.0-8.3.pre,5d36f2e7f5387b6c751449258ade8e4e6edf99be,7a8f8ca02c276dce02f8dd42a44e776ac03fa9bc,2b88e9de118097d12183aa30ec9f8c6bed9d64fc,9e2165577cef0f0f70f9ff072107920c
1.26.0-8.0.pre,b9d06fffb2db263ab7021fc39adde7f2bf988a4a,42a8d4c681baf87d2f2829ed3728eee4fe2bc3fe,1c14d9bb3528e32d15f573fa7ef1ffc8d3542bdc,aec2861b8a7fb93059cdbfbaf230c8a4
1.25.0-8.2.pre,b0a22998593fc605c723dee8ff4d9315c32cfe2c,92ae191c17a53144bf4d62f3863c110be08e3fd3,cbd08e5c567353709a0db3692caa984dbcd9aeb7,9e2165577cef0f0f70f9ff072107920c
1.25.0-8.1.pre,8f89f6505b941329a864fef1527243a72800bf4d,92ae191c17a53144bf4d62f3863c110be08e3fd3,cbd08e5c567353709a0db3692caa984dbcd9aeb7,9e2165577cef0f0f70f9ff072107920c
1.26.0-1.0.pre,63062a64432cce03315d6b5196fda7912866eb37,4797b066524201e86d6bc5c110104c390899f264,e4c9b06267d32507ead537df60d5b17d1a1dcca6,829d11a5989e6bd2526c514b9c2e410e
1.22.5,78910062997c3a836feee883712c241a5fd22983,ae90085a8437c0ae94d6b5ad2741739ebc742cb4,7c148d029de32590a8d0d332bf807d25929f080e,8ee4ef7a67df9845fba331734198a953
1.25.0-8.0.pre,a12e2a473a3214b4556ca589d2d9bd311ac7c6f1,df39e5c51517a73e61647286ab21252074512c63,a92baed5f8e23759b4d0dbd45ea19c597b1d95b9,9e2165577cef0f0f70f9ff072107920c
1.25.0-4.0.pre,a7f5fd5360007518644597c60a1f2169eacccc2b,20caf549695193a9920ca37752eca4f141bbef31,ce76503f5b461590926ba619351518d593b81153,9a7ca53956616eff82b5118a5646ecd7
1.24.0-10.2.pre,022b333a089afb81c471ec43d1f1f4f26305d876,07c1eed46b9d9b58df78566e9b8b2e42e80d3380,09481aa6ca60a12a5885db108aa5152cecb73fb1,a2bdb58c7edf9471da9180bf8185e7f7
1.24.0-10.1.pre,405c85fe7ee688156028e87a623c9153d05591b2,bd390c0310ed240f5781b55b6eb6d5b9f0e2955f,6fee8e27b8206acd82cd7ed6204941916a2568e5,a2bdb58c7edf9471da9180bf8185e7f7
1.22.4,1aafb3a8b9b0c36241c5f5b34ee914770f015818,2c956a31c0a3d350827aee6c56bb63337c5b4e6e,7c148d029de32590a8d0d332bf807d25929f080e,8ee4ef7a67df9845fba331734198a953
1.24.0-7.0.pre,a0860f6e87ba4f9031bee4d6f56c08b970606bee,073263e39d1d12313c9622ac3788cc9f2b01f582,6e015bd9cddb6073b5d59fccb1238227e5e834c7,5f5dd71f0d89fecf2ed8f6e87c213275
1.24.0-6.0.pre,13896b3bd1858687a06b1639d60c877206170df8,073263e39d1d12313c9622ac3788cc9f2b01f582,6e015bd9cddb6073b5d59fccb1238227e5e834c7,5f5dd71f0d89fecf2ed8f6e87c213275
1.22.3,8874f21e79d7ec66d0457c7ab338348e31b17f1d,a1440ca392ca23e874a105c5f3248b495bd0e247,ecf9ce8ef42de11033801b2870e8b310c3722902,8ee4ef7a67df9845fba331734198a953
1.24.0-3.0.pre,2783f8e2e14efec8b7e08f668dde61c40d128c24,defa8be2b10650dad50dfee9324ed8d16eeec13f,a3d902d8598eabf68db42c6f7911fb7fb63f7012,2271cfbd1a08b3bb99ea8727cdd0e564
1.23.0-18.1.pre,198df796aa80073ef22bdf249e614e2ff33c6895,1d12d82d9cb54876f58044aa52198d53ec841c3d,7cdfa7be71c9530e2ce12a095df1775aa0b9ab63,953aa80d78c4d8886e3e4d784fd9d95f
1.22.2,84f3d28555368a70270e9ac8390a9441df95e752,b8752bbfff0419c8bf616b602bc59fd28f6a3d1b,1d923a386d7a9f384435a2b4c1287b2937504566,8ee4ef7a67df9845fba331734198a953
1.24.0-1.0.pre,12bea61c2902784fec73b7f5f2ff3415f873fead,069b3cf8f093d44ec4bae1319cbfdc4f8b4753b6,4226116043f5ea5301b11474e0a97706132c317b,1448a25ffd3b0f8d97bcd5eb5980feb6
1.23.0-18.0.pre,37ebe3d82a9d5faeda7d3c1a6ad193030210a2cc,66344068899635154addec16005167113b9c1e9d,e256855d07ba9cad5048f012f38a05446ca2fe09,953aa80d78c4d8886e3e4d784fd9d95f
1.22.1,f30b7f4db93ee747cd727df747941a28ead25ff5,75bef9f6c8ac2ed4e1e04cdfcd88b177d9f1850d,efd753621946a89008b76b76d85d54d1aa57fce8,8ee4ef7a67df9845fba331734198a953
1.22.0-12.4.pre,f30b7f4db93ee747cd727df747941a28ead25ff5,75bef9f6c8ac2ed4e1e04cdfcd88b177d9f1850d,efd753621946a89008b76b76d85d54d1aa57fce8,8ee4ef7a67df9845fba331734198a953
1.23.0-13.0.pre,4fa4f91d5cc65a5a98c7ccd91bb7d47814048a57,443cd5a1e1b3ef5d98953a6f4cf1b30df582d0ca,9560a32779fc966349dd2d719b76aee49fb6a1de,49f28fbe1e16c41d8bc794b024c9171b
1.22.0,d408d302e22179d598f467e11da5dd968dbdc9ec,5babba6c4d25fa237bbf755ab85c9a0c50b3c6ec,41eab9b49ccce8960f71c657861dc629f96295af,8ee4ef7a67df9845fba331734198a953
1.22.0-12.3.pre,d408d302e22179d598f467e11da5dd968dbdc9ec,5babba6c4d25fa237bbf755ab85c9a0c50b3c6ec,41eab9b49ccce8960f71c657861dc629f96295af,8ee4ef7a67df9845fba331734198a953
1.23.0-7.0.pre,db6e2d8aa5bb9a0bd3e75fc7470268b5a56fd0b0,3a73d073c8bedb678d82ee78daf05037b3a7a85e,eb8e6232da023cddd3326e13c9a4f9ace0acc346,70cbcf7b49d7e90b8b50ec409457f1f2
1.22.0-12.2.pre,2bafdc822636426fa09afb43236400a60ea432b2,f763b5b9b936872bc6c84b4395286ce684e3b431,4215dca724fb80de592f51a6cdba51e7638d1723,8ee4ef7a67df9845fba331734198a953
1.23.0-4.0.pre,83dd176777cd04bd2aaca050f6bb6cb9edbf56a1,2abe69c6081888f28217d8dece4fde2f5490fbab,e41a6008746de7948099ab58195f8ff58e12e31e,ebd546b338c127fc12395d652327c084
1.23.0-3.0.pre,0cf1b407f2edeb16edcfb5b032140bb39a5e46c6,2abe69c6081888f28217d8dece4fde2f5490fbab,e41a6008746de7948099ab58195f8ff58e12e31e,ebd546b338c127fc12395d652327c084
1.22.0-12.1.pre,8b3760638a189741cd9ca881aa2dd237c1df1be5,4654fc6cf6416daae78eac2c211ad84c46e21625,52130c19ca593b185ea9cf72b26b1d02455551ef,8ee4ef7a67df9845fba331734198a953
1.20.4,fba99f6cf9a14512e461e3122c8ddfaa25394e89,d1bc06f032f9d6c148ea6b96b48261d6f545004f,b07da893600eadc4efafc5a54b8f9533e43c0034,04645b6182fad3d68350d84669869ce5
1.22.0-12.0.pre,a27c242b0eea731317cfec5bbdd9d35452ab3ecb,fee6f9e5333472a1931d00f521252901d60e0c76,325d9b628caa8ca043181f92bf6e050b85a7c2f9,8ee4ef7a67df9845fba331734198a953
1.20.3,216dee60c0cc9449f0b29bcf922974d612263e24,d1bc06f032f9d6c148ea6b96b48261d6f545004f,b07da893600eadc4efafc5a54b8f9533e43c0034,04645b6182fad3d68350d84669869ce5
1.22.0-9.0.pre,7a4317519865146acda84702bba8775610598c0c,07e2520d5d8f837da439317adab4ecd7bff2f72d,fe5c8c44701e98615cdacac394f1bd9c970dfa16,f5de31057025dabaeb9262ec1b8ef33b
1.21.0-9.2.pre,81a45ec2e5f80fa71d5135f1702ce540558b416d,20a953183580250aac2e15d36007664118bda5ab,2ea332979fbc9e8c42f9efe4a33dec83108c897b,5f40b0a9f04b5018fa08a9b67fd316cd
1.22.0-1.0.pre,ce40de69b7b4f89c66d19c8dbd3bd86ae30f1bc6,81027ab0cc0e7974beee760eb042827a44dd12f3,ecfee8071fda8bf4e74156d8468ebe679b6593ad,3fbb5898e1b2294b3b432e5a9baa47c3
1.21.0-9.1.pre,be9bc8cb3942bda5d8ef4e44b44616c470625e18,267070c17a6956de1a03dbe09cda56f0c485f41b,7cb472077b56a99aef7233bb616ba200b4de8682,5f40b0a9f04b5018fa08a9b67fd316cd
1.20.2,bbfbf1770cca2da7c82e887e4e4af910034800b6,9d5b21729ff53dbf8eadd8bc97e0e30d77abec95,e940ff7819053ed8a4c04a4dfcda7df12e969331,04645b6182fad3d68350d84669869ce5
1.21.0-9.0.pre,7c6f9dd2396dfe7deb6fd11edc12c10786490083,6d86e67f04d8b8cf16c64b466a4e7a04c497f271,034157644847b4de26db1417c8f4114902f94271,5f40b0a9f04b5018fa08a9b67fd316cd
1.20.1,2ae34518b87dd891355ed6c6ea8cb68c4d52bb9d,c8e3b9485386425213e2973126d6f57e7ed83c54,6eb17654b6501e2617c67854ed113ab550d2b3c7,04645b6182fad3d68350d84669869ce5
1.20.0,840c9205b344a59e48a5926ee2d791cc5640924c,c8e3b9485386425213e2973126d6f57e7ed83c54,6eb17654b6501e2617c67854ed113ab550d2b3c7,04645b6182fad3d68350d84669869ce5
1.21.0-7.0.pre,5a6dfa35caaf7bccb35488dc03677c150ebf2d97,083282e33bbb0f7c7cbb9eb2fd1af06ecb636ea9,365525432a70e4456a9a79a14baaa7874f7ff8a9,d87fcd044a4c80e6c35920fc6cdb2942
1.20.0-7.4.pre,916c3ac648aa0498a70f32b5fc4f6c51447628e3,d6ee1499c27a156a797d9f1539ffb7892855c1d0,e2ea2e82e8785e18df30b7a06ef7cbc73fd9a81a,04645b6182fad3d68350d84669869ce5
1.20.0-7.3.pre,e606910f28be51c8151f6169072afe3b3a8b3c5e,ac95267aef5175b3f6c3387d502070c68f588ad5,e2ea2e82e8785e18df30b7a06ef7cbc73fd9a81a,04645b6182fad3d68350d84669869ce5
1.21.0-5.0.pre,a19fd72db549ddc5d07998d38671a6843dcad6f9,dcc9a4048da890660f0880b4c2afed7c9470d335,9dca49e71e06f9ba3710d3c4d65619f30547f4ca,6078f850f98d9c82caf024c2387ae14d
1.20.0-7.2.pre,a2bde82fbd52e09057a4146f46889f4e10342d32,60b269d898cbe0be27e9b9ba9d21eae97b887ab6,57f76512bee70f7e96abf9306797a5e256e02453,8b2ca977d1d2920b9839d1b60eade6a7
1.21.0-1.0.pre,f25bd9c55c48c139524139b477d04b13e9f36b2c,99c2b3a2455511c3fd37521d9b00972c5345b75b,20bf2fcf567074d087d977cfbfb469e7fe766023,cf28bbe6b5e0f24ecb48ca8abbcb5f57
1.20.0-7.1.pre,7736f3bc90270dcb0480db2ccffbf1d13c28db85,d48085141c2f201b1c534e6926eb39bb52d9db3e,57f76512bee70f7e96abf9306797a5e256e02453,8b2ca977d1d2920b9839d1b60eade6a7
1.20.0-7.0.pre,cc1af3afb62187cc37185afddc2d43bfef469db7,0dc86cda19d55aba8b719231c11306eeaca4b798,06cb010247fb9163db673ba2fd0b338ad6caafb8,8b2ca977d1d2920b9839d1b60eade6a7
1.20.0-3.0.pre,0af027f80543302c65f99e1c1a2f3b3cbb8d04f3,a751393804dcc8655c3361c1faf256c9291bf26b,22da8934ac8b84a6b9f26a2f927bdcc764e032bd,ec7f41beae0c8f00109820695ab99a20
1.19.0-4.3.pre,8fe7655ed20ffd1395f68e30539a847a01a30351,9a28c3bcf40ce64fee61e807ee3e1395fd6bd954,5815449a2935fd4a0a9505fa0f7ca562a53f2465,59da07d9da5a83be4ce75b7913b63dbd
1.17.5,8af6b2f038c1172e61d418869363a28dffec3cb4,ee76268252c22f5c11e82a7b87423ca3982e51a7,caebd6700d5ece73b5566b33ff1daecb91dac500,be7d304ff826e2dfac63538e227c3cc5
1.20.0-2.0.pre,15a28159bcf4b3db13411cbc8d9b5fc51adc0a93,91a63d6a44c56ca13baadccedc46fd66b001fdbc,7e72c9ae7ef128a28a9e9eb8bd3c46d955602999,76070dd606744a9afc332cb66b613df2
1.19.0-4.2.pre,9b9b543d9265484132c798adaab6caca52055b08,9a28c3bcf40ce64fee61e807ee3e1395fd6bd954,5815449a2935fd4a0a9505fa0f7ca562a53f2465,59da07d9da5a83be4ce75b7913b63dbd
1.20.0-1.0.pre,f73f498da1fe4224e29cf9692161575a3d994f8f,c0d52b98d1d867f9650ce3768206b944d2f60a0d,2b917f5b6a0e1524516f214c6d0df49f4abfd378,932cc25fee5354d582ecaf836f15d2c1
1.17.4,1ad9baa8b99a2897c20f9e6e54d3b9b359ade314,ee76268252c22f5c11e82a7b87423ca3982e51a7,caebd6700d5ece73b5566b33ff1daecb91dac500,be7d304ff826e2dfac63538e227c3cc5
1.20.0-0.0.pre,d9653445f4d1257b5f5adb4b271d1316469e8cf1,e8c13aa012c915c6a290d2a85950af67303e75f9,5c1376615ec688c749f204f4c994c6ce4a0bb8fb,5a08c49b17aec9162c816303a1433354
1.19.0-4.1.pre,f994b769743368b36b9c03fb359f62230b60ab92,9a28c3bcf40ce64fee61e807ee3e1395fd6bd954,5815449a2935fd4a0a9505fa0f7ca562a53f2465,59da07d9da5a83be4ce75b7913b63dbd
1.19.0-5.0.pre,c264b70ec3b0cf9cd568eba5d65d0ce47fe57e1d,c7f9725521c0dff7712d54f26322ac3463572394,87c5e3612b70a71be688ee7bb4176d173d57f0b3,e81d7685ffc22e522c8dde5061e3e0f8
1.19.0-4.0.pre,2f7a59a8da20b3a7fbdfb7ac783dbca977a81653,d17c84e7af9081ea95cc4563559fd53e119e6038,02915ec5ce8a1cb71dac244a73efcd9a5e75416a,59da07d9da5a83be4ce75b7913b63dbd
1.17.3,b041144f833e05cf463b8887fa12efdec9493488,ee76268252c22f5c11e82a7b87423ca3982e51a7,caebd6700d5ece73b5566b33ff1daecb91dac500,be7d304ff826e2dfac63538e227c3cc5
1.19.0-3.0.pre,6135091de9f8f6befc2ec7f8835d28d43a21cd05,e39301f23f324d1685678bcbb1682643e22b3a67,6489a0c68df856b2796791ba147766b70cbb5288,92b48f782c20c41a191a2298e8c4a537
1.19.0-2.0.pre,1d395c5e187370f2838bb043d3b438029b484bfc,923687f0e7ff0cddcbd05c98fd3ca12db9c45ac8,6489a0c68df856b2796791ba147766b70cbb5288,92b48f782c20c41a191a2298e8c4a537
1.17.2,5f21edf8b66e31a39133177319414395cc5b5f48,b851c718295a896918dc93cb1ff14f2f895a1b90,9a618e5661665b8d687a28e6b1ec25e9177ec2d7,be7d304ff826e2dfac63538e227c3cc5
1.18.0-11.1.pre,2738a1148ba6c9a6114df62358109407c3ef2553,ef9215ceb2884ddf520d321bcd822d1461330876,14c6a93013bfcd311dfeac1c0ad0a5f9f4afb5ef,b58ead73b2c5dfec69565df469bba387
1.17.1,f7a6a7906be96d2288f5d63a5a54c515a6e987fe,6bc433c6b6b5b98dcf4cc11aff31cdee90849f32,ae8b2249c8fb43ff894eb6f858c41520cf9ce5cc,74edb834fac3fcea79d7ac2d1d6f1fb2
1.19.0-1.0.pre,456d80b9ddd74b4b5ca3b77bbfb70ab0e05d3fa8,d96f962ca21a104b08836f34814eb6b267937511,092ed38a87e9536f43c6a35aed057c137e45113a,f5ea1e9940b6aaf4df2649a6d379928b
1.19.0-0.0.pre,a849daf2836d653ef80e01f428531b3f787671cb,3953c3ccd15a54a0718700aa11ead664b264b7dd,4da5b40fb6dc43fd67e89503dcd8772981588757,2692b1e03fdf2af47afad07f294e9a9c
1.18.0-13.0.pre,8fbfe1cfbf6ac5c5c23930556e1019385005bf81,d6aa099de7c700e7ce44f4ddeb0fc1a078bd0067,4da5b40fb6dc43fd67e89503dcd8772981588757,2692b1e03fdf2af47afad07f294e9a9c
1.18.0-12.0.pre,c2b7342ca470b11cfaad4fbfb094f73aa4c85320,33d2367950154e7f8daf9ce9992a450016289a5f,9c94f0841078756ea0437a590b66ddfe24eabdaf,b58ead73b2c5dfec69565df469bba387
1.18.0-11.0.pre,8568eda15b2527afd48622257cee3811e0d9da04,33d2367950154e7f8daf9ce9992a450016289a5f,9c94f0841078756ea0437a590b66ddfe24eabdaf,b58ead73b2c5dfec69565df469bba387
1.18.0-10.0.pre,9b7b9d795edfdd12c6ad8dd6495bed789c1bac05,33d2367950154e7f8daf9ce9992a450016289a5f,9c94f0841078756ea0437a590b66ddfe24eabdaf,b58ead73b2c5dfec69565df469bba387
1.18.0-9.0.pre,445570ba1ae89eecaf9409fb5acde7e8b49ee975,040747ed404590aa25490e48b15db10a75e16cba,d5af40b640f78c9461e57584abc15a73ac138f3c,591abdc59f04644e4d7645c3f0a0f31b
1.17.0,e6b34c2b5c96bb95325269a29a84e83ed8909b5f,540786dd51f112885a89792d678296b95e6622e5,f12284ca12b9076dcc86f1524fefd57a7318ee52,74edb834fac3fcea79d7ac2d1d6f1fb2
1.17.0-3.4.pre,e6b34c2b5c96bb95325269a29a84e83ed8909b5f,540786dd51f112885a89792d678296b95e6622e5,f12284ca12b9076dcc86f1524fefd57a7318ee52,74edb834fac3fcea79d7ac2d1d6f1fb2
1.17.0-3.3.pre,0da1ab09224f6c6d69fcff1195a3662fe7ad7534,376ad6a64b08aa26005e3f82aed26de2e290b572,7611c1abb42779a7ef1117527a7b86677b130c03,74edb834fac3fcea79d7ac2d1d6f1fb2
1.18.0-8.0.pre,e0c63cd35e15e407a80dc44281cc392535fcce25,d2ec21221e299b56e6ecb297e7710c63e7b7ba87,b0d35855d88ca656abd97e914becc2bea740b1a8,593ab10defb2c9b323d552241c790db7
1.18.0-7.0.pre,d482163f59c49c32cb329beb2c3111c8e961d6b9,fe14e03236ca03f4c98056fbccd66e89b5281e15,b0d35855d88ca656abd97e914becc2bea740b1a8,593ab10defb2c9b323d552241c790db7
1.17.0-3.2.pre,2a7bc389f28d83c581f7ddd4601588a22e12512e,4c8c31f591882b3c668992d2e9da761118899f38,91f39d8eb15aad876332637eea090e196ad295ff,74edb834fac3fcea79d7ac2d1d6f1fb2
1.18.0-6.0.pre,84c84fb24914e098667649be04614f6ea19d689c,2bde4f0ae4304d8c6d4ed7d5d0a54bc4010f2196,a12c36dd97de2558724aa7222bd6dd9e0cf7fd9d,584f76703bdc27bf8e9cf560354e873b
1.18.0-dev.5.0,7f56b53de4e5da2147c4d30d857a72c6f2e4f42f,beb8a7ec48f6b980a778d19eeda613635c3897c9,89b0f67261232822da1d2cf818b3c2bbe8fa58e2,28e5a4c9b745e287b24fc03101d8c4d1
1.18.0-dev.4.0,8f7327f83a3e094285163ae402c6f94190fc1674,49891e065313d26bbc2ddc9805fb7ed27edae174,1210d27678a05e5e69d82766809d816b7aa91830,8d250dca7ec13e13f7ee6d4dc6e4c866
1.18.0-dev.3.0,de1e5729165b61829a8fa7c41b449c6c7ad74c84,df257e59c24175e1f7181db7524c6df605e50031,1210d27678a05e5e69d82766809d816b7aa91830,8d250dca7ec13e13f7ee6d4dc6e4c866
1.18.0-dev.2.0,727552e5caa10eee5808452dfbedfc9ef02178b8,df257e59c24175e1f7181db7524c6df605e50031,1210d27678a05e5e69d82766809d816b7aa91830,8d250dca7ec13e13f7ee6d4dc6e4c866
1.17.0-dev.3.1,d3ed9ec945f8869f0e136c357d0c2a6be2b60c98,c9506cb8e93e5e8879152ff5c948b175abb5b997,eea97179386a9ced7d68452cea158345f4019baa,9e7cb7c9394c24c2398410b902673e13
1.18.0-dev.1.0,fef9d4d7cded15e4deff318c12cc2756c5c28bd6,4cfbe45033ef2788512932fd75d51c84036c204a,e736495eb7f0d50163b62fe880e1676c18407dc9,5755f145e518c3a3e5467bc0e4206ca0
1.18.0-dev.0.0,14f3a36abaace74aeba3e40001ce905336fef415,09bc1fc45e505118e96afedd7ba365e593369697,e736495eb7f0d50163b62fe880e1676c18407dc9,5755f145e518c3a3e5467bc0e4206ca0
1.17.0-dev.5.0,a8b3d1b74fac5251c61c8a898cf7544fd77ddd16,f56e678e7fa9f1249253f06c8c0797ddc67a9df2,fae35fca47c9fed7a2339cf2e9535d526146ddd2,d577004bdd4b0ae4aff1fe9418f8e108
1.17.0-dev.4.0,66eb92e6259687c6e3434e9c76842b0848775c6b,8166a91bca11b83c16fba8f8fd407e937a2ac89c,fae35fca47c9fed7a2339cf2e9535d526146ddd2,d577004bdd4b0ae4aff1fe9418f8e108
1.17.0-dev.3.0,3a0d8377410ba85db3fb6a900e83dd211669bfc4,c9506cb8e93e5e8879152ff5c948b175abb5b997,eea97179386a9ced7d68452cea158345f4019baa,9e7cb7c9394c24c2398410b902673e13
1.17.0-dev.2.0,a94e647d6b11dd8523a30130a2548d73a3eaff4f,c9506cb8e93e5e8879152ff5c948b175abb5b997,eea97179386a9ced7d68452cea158345f4019baa,9e7cb7c9394c24c2398410b902673e13
1.17.0-dev.1.0,d14a301e419af7f3eff7cc3a49bf936c75d2b2f0,fc5b44c901ceb37d3f98715b2b9d857ca64e4db6,e8c4aed700f5effdab0ac76497974e2289b589c9,9e7cb7c9394c24c2398410b902673e13
1.17.0-dev.0.0,aee9e94c21009bfc6c08f442eacde06f001c25f9,c779894d089554620134408b3cb6ea515489dc14,1402e8e1a42d6be6ea370346677cd57093d4be03,fcf5987e9905b9cb0284432dfa1ea2ff
v1.12.13+hotfix.9,f139b11009aeb8ed2a3a3aa8b0066e482709dde3,af51afceb8886cc11e25047523c4e0c7e1f5d408,1c9356d8990a2a8c90c66097e20cb2f22e5cc267,20e5c4f7dc44368ac5a17643b93665f6
v1.16.3,be3a4b37b3e9ab4e80d45b59bed53708b96d211f,b2bdeb3f0f1683f3e0562f491b5e316240dfbc2c,1402e8e1a42d6be6ea370346677cd57093d4be03,fcf5987e9905b9cb0284432dfa1ea2ff
v1.16.2,58cad787d89cc12e72f1f0ec3f1df6a9796ef029,2d42c74a348d98d2fd372a91953c104e58f185cd,ba8baa46b4527a631c077f5a59c348931688d91a,dca728a34350ead7a40d66ae49898ab3
v1.16.1,e6b0f5f238d7c67a686e54d09c91e654fa8f215d,216c420a2c06e5266a60a768b3fd0b660551cc9c,96cf889e6b7bd9e596cbd08849c5351a38eec097,f98026d2245e5193b4c4766d883cf831
v1.16.0,08768e87e408fd3df8f848b468b876fef1a49f76,083a7c2bcaaf8f2edd1994d2830e0b4a291e7342,db5dc11b9b27d8fa0b4f9e2d1879829d058c80e8,3ed814dc5ba54b83877622f07f8efe6a
v1.15.22,1606d878348e98fb1c401679ca8e006c7b7eb41f,6801b4dae791e458db94775d675fec1fb5efb15f,7079c49b054e211b6efac6964574e65635e5da43,21c64959ddcffbbe98dd50bf0f56acbe
v1.15.21,e2b4edd2865794e4ce9d4e8c40d732ed14eb6fa1,d7a00b8b09b09d299f12ff0709438896153082a6,eb9c26bd378fbe3a0ebd00ce91973b49814d32be,bcb42ad731bb2252562cf7119e8d38bf
v1.15.20,4049889d9eecc8fb3eda316a5c371eeb636b2ae5,0e2c8feeeb47618ffa468bcbc7f3bd2ceb93ad6d,9983424a3c50c623730fd43b4ce263df660eb455,ee91a9191a5286c31d91a89754ba36af
v1.15.19,60d0fef17ae60b88cb52e6158bda2d91b600299c,0e2c8feeeb47618ffa468bcbc7f3bd2ceb93ad6d,9983424a3c50c623730fd43b4ce263df660eb455,ee91a9191a5286c31d91a89754ba36af
flutter-0.0-candidate.1,847280f72fcaa8fc60e26e331922a181c67dc8e8,6efadcdf8ce9b76c1eac846db7a92f847311d020,9983424a3c50c623730fd43b4ce263df660eb455,ee91a9191a5286c31d91a89754ba36af
v1.15.18,9437639590adaa91e3df31cd9ce85133e401cd51,5aff3119480996ca014ec0f8d26d74db617b5852,9983424a3c50c623730fd43b4ce263df660eb455,ee91a9191a5286c31d91a89754ba36af
v1.15.17,2294d75bfa8d067ba90230c0fc2268f3636d7584,5aff3119480996ca014ec0f8d26d74db617b5852,9983424a3c50c623730fd43b4ce263df660eb455,ee91a9191a5286c31d91a89754ba36af
v1.15.16,fc3f03886dd715dda8e640e0b8bf3871213c1420,4da196caa1ce854e0b3f97587e4220e14aa2c335,9983424a3c50c623730fd43b4ce263df660eb455,ee91a9191a5286c31d91a89754ba36af
v1.15.15,ed94c9d856c8de67f183d8ac18b06f61f5405219,3bf196591bc312b38399a598f8c9e5d752de56e2,9983424a3c50c623730fd43b4ce263df660eb455,ee91a9191a5286c31d91a89754ba36af
v1.15.14,a68f96ae3f51c0339477f8b4711ba1f11daffb71,e28d26e3054ef005ec273fbedbaad257d5d393cf,9983424a3c50c623730fd43b4ce263df660eb455,ee91a9191a5286c31d91a89754ba36af
v1.15.13,92ce53cc6e9e85e8a9f3f496c8318e556ca8f974,e28d26e3054ef005ec273fbedbaad257d5d393cf,9983424a3c50c623730fd43b4ce263df660eb455,ee91a9191a5286c31d91a89754ba36af
v1.15.12,b127868db4944013c65232af46ce02d5b5bde93e,2e2a9e192d3d8f4f8aa96ca283947f4125bf836c,8e5354dccb644a32c679e8044227e0a139ec051b,eec64b4f56ed7083f6b3f9215bc00ee4
v1.15.11,1dce0a51e613df290b894e28e6a7d44f5fd87eb1,3e380092e270846373ee9739406bf471050c02c6,8e5354dccb644a32c679e8044227e0a139ec051b,eec64b4f56ed7083f6b3f9215bc00ee4
v1.15.10,3018d8ddb3b40156b6d5a32ee4deaaa80277ea71,7df0a6e35e5c1a4e541fb53538bc527daa41ba7c,8e5354dccb644a32c679e8044227e0a139ec051b,eec64b4f56ed7083f6b3f9215bc00ee4
v1.15.9,cc52a903a8639a8f59e84942172456629eb1aa8f,810727bf3f8f7a9d23ee8e65a5209944c80fde58,57462f9ca52000932d2ac82613808131650b440c,8df17e43f5d039756a4be463bd53f16c
v1.15.8,83dba9bc16be4aba56df6c5752f91e777d4331d6,810727bf3f8f7a9d23ee8e65a5209944c80fde58,57462f9ca52000932d2ac82613808131650b440c,8df17e43f5d039756a4be463bd53f16c
v1.15.7,db94472aeb03eb91e833686223e8d930eb8e8d45,b77f509e0bb80f3e5988d36df34d4841cf344fa4,57462f9ca52000932d2ac82613808131650b440c,8df17e43f5d039756a4be463bd53f16c
v1.15.6,0b8129db1f6b01924c82f3acccc498108c0e1ff4,b77f509e0bb80f3e5988d36df34d4841cf344fa4,57462f9ca52000932d2ac82613808131650b440c,8df17e43f5d039756a4be463bd53f16c
v1.15.5,cbbb7ec5a7031187cc906ac9f375f340c16d51af,90bd6f8148178b5cfe80ab21b3dc36ab7d49f6ac,5701c4fd3b11b4dbb1e7a3e9f6b1cc319ca5f1ac,8df17e43f5d039756a4be463bd53f16c
v1.15.4,a5bd678585ceda542205a54d6e650b1b4297bd0a,90bd6f8148178b5cfe80ab21b3dc36ab7d49f6ac,5701c4fd3b11b4dbb1e7a3e9f6b1cc319ca5f1ac,8df17e43f5d039756a4be463bd53f16c
v1.12.13+hotfix.8,0b8abb4724aa590dd0f429683339b1e045a1594d,e1e6ced81d029258d449bdec2ba3cddca9c2ca0c,4cc36055d6803b899667feaedc1216a96e9d1c72,20e5c4f7dc44368ac5a17643b93665f6
v1.15.3,67826bdce54505760fe83b7ead70bdb5af6fe9f2,6158f03ef5fae3ef620264595021609ed9ea3a5c,514a8d4c841724d3d1a71822ab9dd49bcacb75da,1ef14c4736dbf4b1913c1159a52912f7
v1.15.2,d94ff4bdbec7f1141d16cf97d3ceed485c9a1d36,f34bc65bee49e1ac33d7bab178d1e4b4dd346881,b3396cbdcae189c120bf6aa19e4bc4e035302e93,ea0806b1a49f2f2088770b414ead0a35
v1.15.1,4d2ce7be2cd4622cede017b0fe2b8a66c821fe48,81dffd1241e67f7e514b5fcc9eab4902721ae575,c8ed304e979a283f10e28a4104e0da31a3f114ff,7e3316e180825d1f779f78c2d77a47d8
v1.15.0,9b3e1639db189866af55ed3a0dfd47b217106fcd,81dffd1241e67f7e514b5fcc9eab4902721ae575,c8ed304e979a283f10e28a4104e0da31a3f114ff,7e3316e180825d1f779f78c2d77a47d8
v1.14.6,fabeb2a16f1d008ab8230f450c49141d35669798,c4229bfbbae455ad69c967be19aee3fadd6486e1,fc3af737c75931908521e9c36358a151408d6084,e739779cc1d28f0f697a92f2daf5f10f
v1.12.13+hotfix.7,9f5ff2306bb3e30b2b98eee79cd231b1336f41f4,a67792536ca236a971d0efbcfd7af4efb8f6c119,a4911c63f4f72ba571d6db94de56007b09f4af99,20e5c4f7dc44368ac5a17643b93665f6
v1.14.5,92cbaa3efe985cc8370d0d70fef5058c971b2eee,439a21816e61b8ede0a884470f99f8b6f4307fd0,e84bea25df23ea5f149fc808a6423c7500b9cace,8647fa5ecfc24d126d8256b30b1ff5c6
v1.14.4,5e1000cd8540a6305df5a999d4dcb0b59fe3c66a,83a64b7233d58809062846391422571f94f0f9d8,ef0c7f16e609e84cad7411394cec9fd8b1e1e04b,e7c20657d2570e8390cf59131adde9f6
v1.14.3,b5a23fdf5bc01e292238627f031a34ed0adb80b0,c15efb9231a49e6a2fb21c87bc1289e6aeee71a9,f910a7575f3cfcd3641620baf6440b0fd4c674c5,e7c20657d2570e8390cf59131adde9f6
v1.14.2,ec1044a8773e31b4630bf162d9c374236ad1eaaf,ecc74c966d1433bf4f5e233a4aad17dfe8ce1bdd,f96c48307d14db2c16e7c3d4c01e9dee7fef4625,b1db3321978c921cba0461fcaef73d23
v1.14.1,c88320458ea86da379aec43dcd24057ad1d79652,bc41ab513932694fccaed8c2d40e2e66630fdc88,fe666ce592cbf7d31184c0f1275a1658a443c1dd,0d7dc8e47a3bed1850c97ee43898a84c
v1.14.0,bc6f270c584d1fdba81330090ef6e822b9082919,fd269f60bfc6fffba5ca9598761361d1f5ed6105,28c335d5a201795f219d50ac608732eb937d7f27,803754e538cf1a438b1221a2b5faf840
v1.13.9,d291de086c0840eb63d82bcde11af2ec521e2a0c,f001ea29f1b9664d928acfddbbd9c76a942e2238,c0ca187f2699fb7f46fccb8c664a2ba3a0958fce,fbfd877143383e38eee8a3f1eaeafeb5
v1.13.8,1c79347ef659402a17bf9405b3305564530d3bd2,3f52888b3bcf7adb9bc8d7be01f717a0c15b6618,bebc7d3af5bded5ea3f549e90b42c264fe9d1d45,5f03aa6ee25b575c9f3d075a19fb2043
v1.13.7,a3bbdfb23acb173b1bac7cbcd7c4ac723eb584b9,eb139936eb2c17694aba3fd922adfe8a85c5e8df,2f57602411b3b05fd2775cd3b63f94d2c6b37698,d0cc0d54d92b623c9d369ca3537dc635
v1.13.6,659dc8129d4edb9166e9a0d600439d135740933f,bdc9708d235e582483d299642ad8682826ebb90d,c547f5d933e5a10e18b1b26b54a6249e88fa0f1c,81662522448cdd4d02eb060669e5d48b
v1.13.5,41a911099b7d06f7b1c29f4420cfcfe41fd26e46,0f90e6546bf302bda9b1e8213a004ed5c16d13c4,aa6709974dea00680588be951f05d0f36fb8576b,675c10104e4334c9da289ab872fea2e2
v1.13.4,bd25f70c66ccd832d53644bd33a1368e96a7aa75,0f90e6546bf302bda9b1e8213a004ed5c16d13c4,aa6709974dea00680588be951f05d0f36fb8576b,675c10104e4334c9da289ab872fea2e2
v1.13.3,4af66e335f8d87da5cb8c7f2a3e89c1ee02ef23b,0f90e6546bf302bda9b1e8213a004ed5c16d13c4,aa6709974dea00680588be951f05d0f36fb8576b,675c10104e4334c9da289ab872fea2e2
v1.13.2,4944622b5d8e7a8ee5dbf658b0d0e8ab94b8efd3,12bf95fd49b7456f08a1274078c4b55e675ad018,8b8894648f0dbe53b046133caab11fbe8e14dc3f,0d40051733a4ee7e7793a91ed77fed67
v1.12.13+hotfix.6,18cd7a3601bcffb36fdf2f679f763b5e827c2e8e,2994f7e1e682039464cb25e31a78b86a3c59b695,a4911c63f4f72ba571d6db94de56007b09f4af99,20e5c4f7dc44368ac5a17643b93665f6
v1.12.13+hotfix.5,27321ebbad34b0a3fafe99fac037102196d655ff,2994f7e1e682039464cb25e31a78b86a3c59b695,a4911c63f4f72ba571d6db94de56007b09f4af99,20e5c4f7dc44368ac5a17643b93665f6
v1.13.1,4938ea03858e178541d723dff430e6c9d044e6ae,12bf95fd49b7456f08a1274078c4b55e675ad018,8b8894648f0dbe53b046133caab11fbe8e14dc3f,0d40051733a4ee7e7793a91ed77fed67
v1.12.13+hotfix.4,fb60324e6fa791bedeade8be4773a42037e11f62,ac9391978e7c0693b75a82c219e059b6ffee35c4,a4911c63f4f72ba571d6db94de56007b09f4af99,20e5c4f7dc44368ac5a17643b93665f6
v1.12.13+hotfix.3,57f2df76d75cff290cbe2765b07db1ad3e67b50d,ac9391978e7c0693b75a82c219e059b6ffee35c4,a4911c63f4f72ba571d6db94de56007b09f4af99,20e5c4f7dc44368ac5a17643b93665f6
v1.13.0,09126abb222d0f25b03318a1ab4a99d27d9aaa8d,617938024315e205f26ed72ff0f0647775fa6a71,a4d799c402efc36327cad2f42186bb48ea9cf18a,69045f81def452ca6187efd1cb5e6b54
v1.12.13+hotfix.2,4f54e46f56c2ffc92eb440dbdab1a7f8e722e593,6955b06cedb2425f4363f10642c9b0e63e496af0,a4911c63f4f72ba571d6db94de56007b09f4af99,20e5c4f7dc44368ac5a17643b93665f6
v1.12.13+hotfix.1,5b07015393539822da275ab9a348b9e9ce92a29e,c1e322b685a81c11c16bddd22282925b7d0272e8,a4911c63f4f72ba571d6db94de56007b09f4af99,20e5c4f7dc44368ac5a17643b93665f6
v1.12.16,37f9c541165c3516f727cd36bd502d411fdad3b8,fad1b23c42b96197a097fe42d37171f32459fecb,134e0e28cda1f8110a69bad34ae70e8123475a80,20e5c4f7dc44368ac5a17643b93665f6
v1.12.15,459c7fb884d9234c45b353087e0ec8a33dde90d1,e136d637a87379658ee8f326c4e7875315d1f926,134e0e28cda1f8110a69bad34ae70e8123475a80,20e5c4f7dc44368ac5a17643b93665f6
v1.12.14,7726910a5bc4135a9f1fd497c872c9e5cb1e51b5,c89ac6347b7e88a562ebc826a5ee9a07c7b4cab7,d5fa596d748d31512a91ce07b73a7c8cc61bd098,20e5c4f7dc44368ac5a17643b93665f6
v1.12.13,cf37c2cd07a1d3ba296efff2dc75e19ba65e1665,b6b54fd60631a3828c2e2c9b079b5d1d2d8c8c37,16cbabec3a00e715173c68e8f761a8e1296cc9e5,20e5c4f7dc44368ac5a17643b93665f6
v1.12.12,bae92c32e5233e9113e42962179773309fb3ad8c,b6b54fd60631a3828c2e2c9b079b5d1d2d8c8c37,16cbabec3a00e715173c68e8f761a8e1296cc9e5,20e5c4f7dc44368ac5a17643b93665f6
v1.12.11,f40dbf8ca07b0498eff3d6b861ecd21f2de7db6a,d1cac77d5a4edb64901341253fe9e756cb94dc34,603fd7881f3ccc4e4ba0f78d6dedc9172025c36a,20e5c4f7dc44368ac5a17643b93665f6
v1.12.10,b6e92003c8abc5e04a193b58e4a7c8b98d4b8536,ad14574949f5cd0b5eddfd7bc4fd54bb56e00c72,029e06b8d9eb95f836cd59de6b8ac7fd7cd37934,20e5c4f7dc44368ac5a17643b93665f6
v1.12.9,33d302240d3e483fc78bf6abb43d8346260b60c5,9f4341a2b869ade738bdce64d13075d4fe4a5677,029e06b8d9eb95f836cd59de6b8ac7fd7cd37934,20e5c4f7dc44368ac5a17643b93665f6
v1.12.8,4c64b715d9a677922ef02f2643211a6282926eb5,7e68097cc1d35da8ced4b771d191b6d44c5d9fef,521b168441143861d928c9315c9830469617028b,20e5c4f7dc44368ac5a17643b93665f6
v1.12.7,43a8a1902e5c42d084077e8ede6f14f8ddbdce24,7a77e3625dd1db5f4f517a129707cb299c48207a,867a6e0e5288fbc177e4e145287438aebaaa7034,7f885169821cf7a89d8f4a49c44d414a
v1.12.6,6eb0a0e3715c6eeb7a2733f74cf6e741fe796ef6,6bf311f1d62cc5a0136456748de9d20c6bd589fd,867a6e0e5288fbc177e4e145287438aebaaa7034,7f885169821cf7a89d8f4a49c44d414a
v1.12.5,2c7af1e24e45a79f4eb73d67d98fcecea8bf6146,176f56329631173cec8e6b1ca6c72f34b2e9a4ed,1f933abcee78f205b5231a3064681d0dffe96130,7f885169821cf7a89d8f4a49c44d414a
v1.12.4,2461c75600ba6e11a49da0fca29abe3b4501efcd,5fb7eb753b28adbc1ca4914d9c27993027885aa7,7b6730331849663d84c8740f452182896e781dbf,d48b81bd7c0b41868a303d010886d8d8
v1.12.3,028b4c4f40e4c2035961cbc35ab7b49fe48320d8,fb9b91428b4401fee584934f4c7ffc90ff84581b,8617da2bf0b840608850fd66e8f3a859c493770c,d48b81bd7c0b41868a303d010886d8d8
v1.12.2,6de62679421abe42f0f669e191fead30ee8bf7e0,b358dc58fbcec7b235a40f550445c8d6877342e1,ffbd2eb7eebf569b8aefd970cf59851aaf2869a3,903f3e0c943f024d682b10f894f2e76d
v1.12.1,86c91b12d88934886b35887ec23068c1eeee5624,31cd2dfca22a282e53eb449d8a3be93b8365c1bc,d45c3d15cb3cea0104a87697c085259666eec528,bd73301b201fa442c56420bbc9c5448c
v1.12.0,9323a623bd83f0bb994f50086344fb8933e05081,2f69e38160a301f4070a8be25dcb66120e4548ac,fa4379946109467c8a48f20f19d83d7c72968a3e,2fb364d659ea53f7892be9ba5e036047
v1.11.0,856a90e67c9284124d44d2be6c785bacd3a1c772,af04338413c3ed73316350f64248a152433073b6,fa4379946109467c8a48f20f19d83d7c72968a3e,2fb364d659ea53f7892be9ba5e036047
v1.10.16,798e4272a2e43d7daab75f225a13442e384ee0cd,34a40cfbfd369544cbee9d19f212fbbe06e739c2,bdd9e74afc1681ca7e43945e3547641321486ab7,4d6be598cd9c0869b7062e8a4344d386
v1.10.15,fbabb264e0ab3e090d6ec056e0744aaeb1586735,8ea19b1c76f69f7b50e4195f41dfb1cb49a9fe66,bbe2ac28c9ab5bfec4e13d5df9360e7aa691cfe6,8c373bc801ef8907b997963d19234a03
v1.9.1+hotfix.6,68587a0916366e9512a78df22c44163d041dd5f3,b863200c37df4ed378042de11c4e9ff34e4e58c9,1ef83b86ae637ffe7359173804cbc6d3fa25e6db,c8562f0ee0ebc38ba217c7955956d1cb
v1.9.1+hotfix.5,1aedbb1835bd6eb44550293d57d4d124f19901f0,b863200c37df4ed378042de11c4e9ff34e4e58c9,1ef83b86ae637ffe7359173804cbc6d3fa25e6db,c8562f0ee0ebc38ba217c7955956d1cb
v1.10.14,1946fc4da0f80c522d7e3ae7d4f7309908ed86f2,1d62160fdb2f5a1d20f1dccb761a2caa96804c22,d6c6d12ebf71a918279e1bdb420fedbc1d560a35,bbfd190df732926328ba445a771febf7
v1.10.13,97e00b2288938998f755c5262a118d9a0d6a915a,7d90779bb66f2c63444ee41b61c2d9a1c7b389ca,d6c6d12ebf71a918279e1bdb420fedbc1d560a35,bbfd190df732926328ba445a771febf7
v1.10.12,0e605cc4dd83137f785769dea5e8ae7da1afb361,759d3dba259be0ac7196dcc5d94b66901942d1e5,7a7dcd1ed9ea01f5ce6734516fbb9d888a2cabff,bbfd190df732926328ba445a771febf7
v1.10.11,5961bcc505b589328c3c20f0841ba467db3f966a,759d3dba259be0ac7196dcc5d94b66901942d1e5,7a7dcd1ed9ea01f5ce6734516fbb9d888a2cabff,bbfd190df732926328ba445a771febf7
v1.10.10,3a728a9b5b14e2390965be0e1e0215ef583716e2,a0605af402ac9b9e54b33ad900da60845ab77961,b4688e917247bfc599325ca1ac389fc943c9b3fd,bbfd190df732926328ba445a771febf7
v1.10.9,3e2dc8ca7b59080cef04a9ff474b5b18d94e4365,2e163b27805be1bd178ad909f9947fe9d85c6010,7376167b2a1ec060283f815785656ec4b57aef67,bbfd190df732926328ba445a771febf7
v1.10.8,0b0942a60caafff56c19fea07d8f7b14e6286e1c,aa8fcbb65283bfd8ab37475043ae2ac8fe8671f4,98b286de216b7426fdefa0dabeafed48ebedecc2,d0e6d7626e06ab31bf67270b37ff292a
v1.10.7,e70236e36ce1d32067dc68eb55519ec3e14b6b01,9e6314d348f9b5521e3c66856324d7a9c4a928c9,1103600280676ea169a30d7a503e836671cdc553,c3bbfe8f226120ad0569d7b78ed2d9ef
v1.9.1+hotfix.4,cc949a8e8b9cf394b9290a8e80f87af3e207dce5,b863200c37df4ed378042de11c4e9ff34e4e58c9,1ef83b86ae637ffe7359173804cbc6d3fa25e6db,c8562f0ee0ebc38ba217c7955956d1cb
v1.10.6,cc3ca9a916cb1da851a1f36432154a534787da99,63949eb0fd982b27adc218364805913380af7411,69b5681546c68ab85e2ce6d3e7b92ed7d113e7c1,4d75e7eb64b77034b9e3e19577811de7
v1.9.1+hotfix.3,a72edc27064c2cbfbbae17ea1695333e1b3d9595,b863200c37df4ed378042de11c4e9ff34e4e58c9,1ef83b86ae637ffe7359173804cbc6d3fa25e6db,c8562f0ee0ebc38ba217c7955956d1cb
v1.10.5,3cf88fed6d9b016f83a4920a5db524bf5a2d2b64,33ad6757e88311f4fb9d341918894e2bc30e3b20,cb80ea7ba9124fd42a34c1d021232113e20d21b1,96e8a17629cf9d73208d2cfccc930a7f
v1.10.4,0b24a5a2ff9eccfba77bb68a0abcf1b7f0ae5b37,2289072724fff78f9b07f0619796a666e00f69a0,cb80ea7ba9124fd42a34c1d021232113e20d21b1,96e8a17629cf9d73208d2cfccc930a7f
v1.10.3,2f3515de31c0479cd09ad11cdc079281270405f4,7d8c6d9c1a5c1ce5303a5694bc9f49819c772f5f,a554c8be6ba94cc2c7312dbde5eb85537a35f607,9bde2343868bcfc4814fb79599613344
v1.10.2,f5733f7a62ebc7c2ba324a2b410cd81215956b7d,7ea9884ab00eb0b63f7793ce8664ae55af484eb1,be661765345f62fa4212b76f897fdd3e66e8aa54,48360207b8ee283a359d27ca7352d8a6
v1.10.1,ce45c2d3e6f02022f73bd3804775cb9a89c08b49,b9ce2500d9e57389c8b873fbbd016852c8ed8d0a,be661765345f62fa4212b76f897fdd3e66e8aa54,48360207b8ee283a359d27ca7352d8a6
v1.9.1+hotfix.2,2d2a1ffec95cc70a3218872a2cd3f8de4933c42f,b863200c37df4ed378042de11c4e9ff34e4e58c9,1ef83b86ae637ffe7359173804cbc6d3fa25e6db,c8562f0ee0ebc38ba217c7955956d1cb
v1.10.0,3932ffb1cd5dfa0c3891c60977ee4f9cd70ade66,e7f9ef6aa0b9040102d1b3c9a6ae934df746ef94,36985859e421a9fbbdfc56379506b2a367c7d4e9,68cf77b6d1fc9b557802c26dd144297f
v1.9.1+hotfix.1,a1fb3fabec40144f57344635c37c28eed4fb122b,cc88fa45dbf4c55bc23cecea17fb90f43bccf588,74e4033d316abb6cc2290051ec85534caf4dca54,c8562f0ee0ebc38ba217c7955956d1cb
v1.9.7,4984d1a33dd6de2862578e3f08b4ca7dfce7d54b,f52c0b9270de3b2fc3e2785dfa7355e70a0b5fc7,999007453a612cafbc13be3c82244fd9e0e788cf,e39caccf4752459650d09c0abf4d167d
v1.9.6,35de8d527842f99e30240a7fbf08cd4638ba7a5d,f8c4546eb44556ea40efdf4b108cb11477266a5e,5cbcc88304e2a94541047b2caf9758f1b0c54762,e39caccf4752459650d09c0abf4d167d
v1.9.5,365f577c707b092f9b97b62b0cdb331c2d7fcf75,72283b64196cb5df16eb4d1a782da08f320a8014,06d3769ac6d775ede7ca87e6ba2f056db93e2e27,8408a7c5bd51af20e71f9a66e808f8fe
v1.9.4,cf87f68fd08d697273c780d09fc647616749e8b1,975a8aa5752e5774ffcd342a6f987d61bd5d84a5,06d3769ac6d775ede7ca87e6ba2f056db93e2e27,8408a7c5bd51af20e71f9a66e808f8fe
v1.9.3,f515bf6abc909fddca311dca78837ce478e571aa,c43739ba53ce7c0d6d6f5c9ab90a832302c0b623,027071318ff1333fefcf7b4e475c10a8f68ebc0d,762228c411824d5a7ce32f844858415f
v1.9.2,6815f540c996b5baf559ef075a906ab1bec05a18,3e10d92b2bbb29fc932868ee025959748285657b,9f13d07670ac27597538309954d3e21b49752748,6e44a52d8990d853d90cd3de014d1149
v1.9.1,c382b8e990b6976f610764179f94e0416d82c057,55406841525fba0dcb7fdf417bf021e96093459d,79e6c743371a319cfc58bcec76f4ffb3114ef9a9,c8562f0ee0ebc38ba217c7955956d1cb
v1.9.0,760635e6dbf9180222171ac189199982a65cf608,4b6b4afd6492499b72bdc59c3a633c7721708087,45f892df68a0ad3fe8518afc7259c76aa3357f79,3bc1b74a777079816871f4b923bf77bc
v1.8.4,954714c9674af0da6530795407fc66179fdaef88,26368225b5ec8c172422f0d9757c75828c11cdd1,bd049f5b53ef0730fa6cbd7b88656f1bec308283,9bc6f6130d64837dd7213aa478e1d6f1
v1.8.3,e4ebcdf6f4facee5779c38a04d91d08dc58ea7a4,38ac5f30a7026e870619c2e8e8c99c070d74036f,0ca1582afdb057e8a701908c1c527e0a56a7b5b2,34948253b59d5a56b2ec161e17975a4e
v1.7.8+hotfix.4,20e59316b8b8474554b38493b8ca888794b0234a,fee001c93f25a1e7258e762781a7361f122d29f5,7340a569caac6431d8698dc3788579b57ffcf0c6,1d7acad1540192ac459cf60344efb7c1
v1.8.2,0a39d8d92ed43a0b7efcc93742a17660a14d78aa,75387dbc147d1cee8164f5d61582eab8ba1e5058,b5aeaa67960c03e528b76c5cfa55059a058de34e,4997265621b29e882e50456ab42d8856
v1.7.8+hotfix.3,b712a172f9694745f50505c93340883493b505e5,54ad777fd29b031b87c7a68a6637fb48c0932862,7340a569caac6431d8698dc3788579b57ffcf0c6,1d7acad1540192ac459cf60344efb7c1
v1.8.1,d3eee57c0bd2e19aaa944be07b24c533075fd1a0,3c51a7bfff776e9e3011384f4ff09c13a697c6b6,b5aeaa67960c03e528b76c5cfa55059a058de34e,4997265621b29e882e50456ab42d8856
v1.7.8+hotfix.2,2e540931f73593e35627592ca4f9a4ca3035ed31,b1cb0d9e9b44393efeb735f664672a74732cdc8b,7340a569caac6431d8698dc3788579b57ffcf0c6,1d7acad1540192ac459cf60344efb7c1
v1.8.0,2fefa8c7315c32191aa10ef0ef03afb565e99701,45b66b722e1275c47dccbe6b002c8e4cb13ea983,7340a569caac6431d8698dc3788579b57ffcf0c6,1d7acad1540192ac459cf60344efb7c1
v1.7.8+hotfix.1,e40273f79707e35e05fdf806be6f6fba7bebd3f8,b1cb0d9e9b44393efeb735f664672a74732cdc8b,7340a569caac6431d8698dc3788579b57ffcf0c6,1d7acad1540192ac459cf60344efb7c1
v1.7.11,43b03127d469f1f6d9a22f8dae41eea2eed2afd9,f3761ba8d01fc6213db44b702c3c38bfdc5c887a,7340a569caac6431d8698dc3788579b57ffcf0c6,1d7acad1540192ac459cf60344efb7c1
v1.7.10,9a3a7490c8ded5f13d4fce2e493df2a63d602e57,ae8e6d9f46990b9585dc1fb5b8aabe491c08aaf3,7340a569caac6431d8698dc3788579b57ffcf0c6,1d7acad1540192ac459cf60344efb7c1
v1.7.9,8dbfc82bc7f94c721efaeff904b4388d222c7919,4444c9cb6c9f1859c1807cff415cd716bb9612ff,7340a569caac6431d8698dc3788579b57ffcf0c6,1d7acad1540192ac459cf60344efb7c1
v1.7.8,d51fd86cdb486192e187ccdf6f02cb2a38273d8d,d004bcd4d619fc3574761d63d7cf7b7291332c79,7340a569caac6431d8698dc3788579b57ffcf0c6,1d7acad1540192ac459cf60344efb7c1
v1.7.7,363052567376976b68bc995905397156fc5a28a0,a9a0b89b1c82aa657708eece3e690bf39cf0ead5,7340a569caac6431d8698dc3788579b57ffcf0c6,1d7acad1540192ac459cf60344efb7c1
v1.7.6,63438b924497ed9479f4c69a03d399bcbc2b4781,a9a0b89b1c82aa657708eece3e690bf39cf0ead5,7340a569caac6431d8698dc3788579b57ffcf0c6,1d7acad1540192ac459cf60344efb7c1
v1.7.5,7472fad194214e3a6746370953911fb031e8f0d9,20d3861ac8e1f8f38c8659b16b699d0e63db01b1,1d8b81283c1dee38f1dd87b71b16aa1648b01155,1d7acad1540192ac459cf60344efb7c1
v1.7.4,dfecafa4ab30f9c509ce409241000cdd785ef23d,2589785b5c5eaad64d1da3403048e61d8f230c48,1d8b81283c1dee38f1dd87b71b16aa1648b01155,1d7acad1540192ac459cf60344efb7c1
v1.7.3,362b999b90d53859aa7b926a59c970f3ea31abf4,0602dbb27547cd03d8f8e816b7995cace854f7e6,6e0d978505ae03fe7c95135a4aed764e6f27c419,25ed5741a98d25aafa175175dd75f52b
v1.7.2,b3b6d03737bd3f61209570e86f2b045c80f35c44,86aa01442b5d5a6b9b16ff3cf15d529a92d9d75c,b080e7c97a879eb803c725621b3993cbe994d19d,0b4e4e38095461a47b6052ec747497ea
v1.7.1,04015b987b8b9ccb4b428decadf2b9f5cd25dc91,a63ef4cb4fde6a486818467d806b912f938e57f5,b080e7c97a879eb803c725621b3993cbe994d19d,0b4e4e38095461a47b6052ec747497ea
v1.7.0,f36a35d20ac5dc2936cab6ccc60f5d9afa34466e,a32df2c9280033c93a7ed089c294566dabfbf693,445a23a9bc14a57ea6275e5d4da179f7cb0bbdb6,eac01d2272aaccf1102b49911d9861a1
v1.6.7,cba41ca2ec977888806a9a02fc06c459f7a806ae,58eff77ef2f808306f0f8d4e46d910b6210bae46,fee615c5a51bb2ace4f13db2fcde1b02eb039488,d674137c8a194053e04a8358a92c2e2a
v1.6.6,e1a784ae3f82948c33c256666c73680420f11350,8dc3a4cde2075a4f5458fd0eb199627f5124508d,e3edfd36b2aa7ff4e98fe541ef5666ef2e70d17e,c89592e3e4956c33956c8ba0f691dbd0
v1.6.5,7c811b6a66bcbab62f87c8768decc449027e5190,8dc3a4cde2075a4f5458fd0eb199627f5124508d,e3edfd36b2aa7ff4e98fe541ef5666ef2e70d17e,c89592e3e4956c33956c8ba0f691dbd0
v1.6.4,0f6e4e6190d1c128b8baadd2dee3b2a8923d3f86,8dc3a4cde2075a4f5458fd0eb199627f5124508d,e3edfd36b2aa7ff4e98fe541ef5666ef2e70d17e,c89592e3e4956c33956c8ba0f691dbd0
v1.6.3,bc7bc940836f1f834699625426795fd6f07c18ec,8dc3a4cde2075a4f5458fd0eb199627f5124508d,e3edfd36b2aa7ff4e98fe541ef5666ef2e70d17e,c89592e3e4956c33956c8ba0f691dbd0
v1.6.2,cb576181e9549bdd9d845394b1b5feab1b93807d,303a3910d398ee48a3411108688ebd5ccc101e8a,b48c8b1d1c9050734c0491f4e36b7d61ef005233,18595b5f46eab396a85f20129914639a
v1.6.1,d31ce31a274ee721f4e9b54c6dcc2de0b3fd71e4,e3772232c2d24c174beac7ef03dff63907cdda46,b48c8b1d1c9050734c0491f4e36b7d61ef005233,18595b5f46eab396a85f20129914639a
v1.6.0,ed90d05596d85b0ec8e841395bce9d3b6edea134,832cdacc6f955f080734109900a1658ae7e0d248,a0290f823c53df70643a8e46bf946020d2bbe37d,063c66cf3ae51e48c330780656345989
v1.5.4-hotfix.2,7a4c33425ddd78c54aba07d86f3f9a4a0051769b,52c7a1e849a170be4b2b2fe34142ca2c0a6fea1f,a1668566e563aef64025d0af88a099cbbe847b7e,eed485c757fba5d731e4054412c99f2e
v1.5.4-hotfix.1,09cbc34a0b19cef287a82aa4b9966d525369eecc,52c7a1e849a170be4b2b2fe34142ca2c0a6fea1f,a1668566e563aef64025d0af88a099cbbe847b7e,eed485c757fba5d731e4054412c99f2e
v1.5.8,0ba67226ee62d6c9d663a6f8410fb4b2f1076046,c63d1cf9c9ba8c7d8546f24c1248433bdf827153,1f1592edce7122ff657d9538d58d9cce0cae46e6,29f268f2197cadde0b55ba05fbaafbb8
v1.5.7,96f15c74adebb221eb044d3fc71b2d62da0046c0,c63d1cf9c9ba8c7d8546f24c1248433bdf827153,1f1592edce7122ff657d9538d58d9cce0cae46e6,29f268f2197cadde0b55ba05fbaafbb8
v1.5.6,e00f1a3c17f65a751c14b821235e5c2875948ff0,c63d1cf9c9ba8c7d8546f24c1248433bdf827153,1f1592edce7122ff657d9538d58d9cce0cae46e6,29f268f2197cadde0b55ba05fbaafbb8
v1.5.5,5c5ddd1fc22de7df08a6bc0e18b4ec345d702fbd,e27c867c30dfa24461a9fab356ff57a4bb22650e,1f1592edce7122ff657d9538d58d9cce0cae46e6,29f268f2197cadde0b55ba05fbaafbb8
v1.5.4,b593f5167bce84fb3cad5c258477bf3abc1b14eb,ca31a7c57bada458fa7f5c0d3f36bc1af4ccbc79,cf4444b803a376bb1ad6442e1f09434a4d58167b,eed485c757fba5d731e4054412c99f2e
v1.5.3,80971335c1ee259717076c1e9d308a9572f85259,06fea14e5800c35a4fc4dd10cc31b997f1be81e9,7b9ab9f35390d36d32c405a807be31ae3ed0ddb7,d6e24d65b1bf49f4cd41daddfe2d515b
v1.5.2,efe744a3609d0b8e218b5d9d13823ed394261bb5,fdd427241b7790a1ad86794725b311245ed3b470,8e73b3c006468c234675d5cb753f9537cd310bd5,a2967d784bf01190add298db8b62285b
v1.5.1,0f5de8725e0f6778406fb5156aee1486d39771f6,c0ee647ca4226fcb38a5af178a97ce8ba9129184,a8f3a5dae6203d1064726a5953cf06a7d484249c,f84d8d001eedd3a97333e1b2a3fd054c
v1.5.0,a18226d06619ca1d61e453205fa89bc646c3d0fc,9970fb5500710471c031cb86f899bfc3f4a6bafd,a8f3a5dae6203d1064726a5953cf06a7d484249c,f84d8d001eedd3a97333e1b2a3fd054c
v1.4.19,6c7b6833c928a68650021d90ae9c0b15f4a35946,9aa7c9a48e9342a450c3078e15c8d7923a338ede,a8f3a5dae6203d1064726a5953cf06a7d484249c,f84d8d001eedd3a97333e1b2a3fd054c
v1.4.18,8bea3fb2ebadc3933b6b213483d2d4379ac53a5c,72986c39ea3669ef26d4d7d7cd0c44f513fcd117,1490a90bc1c4cbbf13470af3408584e57d135fb2,9e1fa667daca1ecf538db8507091794e
v1.4.17,ecb468f33587bad108034c1bbe21e8cbd0d94acc,72986c39ea3669ef26d4d7d7cd0c44f513fcd117,1490a90bc1c4cbbf13470af3408584e57d135fb2,9e1fa667daca1ecf538db8507091794e
v1.4.9-hotfix.1,88fa7ea4031f5c86225573e58e5558dc4ea1c251,4737fc5cd89b8f0136e927b00f2e159444b95a73,f6768b6fb3e58bb704aca1e22a7ffd11e7ff07cb,f630ecdf457e27dd24d3b9e0a6bc1c13
v1.4.16,d2790bd2bbf1851db2359026df7bca38e255b9d3,72986c39ea3669ef26d4d7d7cd0c44f513fcd117,1490a90bc1c4cbbf13470af3408584e57d135fb2,9e1fa667daca1ecf538db8507091794e
v1.4.15,ed91a3be49232c336ab2cf7a3376958cb3d537d2,905c571db50d5eb3b10eaa4d3c43c99321032223,1490a90bc1c4cbbf13470af3408584e57d135fb2,9e1fa667daca1ecf538db8507091794e
v1.4.14,5a4eaabaf1c0b00f8cf9ace3c63066f754facc94,eec74e5c92313f01a28dfbeb78d96e81231edab7,06ed3f598c4baf48c7a09ff90240dae02d6d6df5,9e1fa667daca1ecf538db8507091794e
v1.4.13,514aba6e36d4c9429d307e643dde3398802ca56a,eec74e5c92313f01a28dfbeb78d96e81231edab7,06ed3f598c4baf48c7a09ff90240dae02d6d6df5,9e1fa667daca1ecf538db8507091794e
v1.4.12,294d7ea0cf0c6ff84ba43682b1dddcee18bf4114,ff1bcdc00941188ba27123a4857b443e3c9392bb,907c514c8937cf76e825d427364cf3475797f18f,3383321009c0898417a99b9df9a73876
v1.4.11,d15b3b1c8b0b4090fa1949b106dd3870d13341ca,219bf5938752e0030b491565af1910c137b83dd8,9814cb1b9c782b4fa9b7ea05dee5942577410478,3383321009c0898417a99b9df9a73876
v1.4.10,6ba720a4890bcffd0e48ec329318c929d517ce2c,5944867cabdb934ef9fea0dccb865cb1acef51b5,600b2831ef76ad99fd4d11358a035956f5d8259d,3383321009c0898417a99b9df9a73876
v1.4.9,16a16e6598cca4129da0d2e76de0320fbc0108f1,cc115500b9cb2b27d59627f202e6cd6bb87f49fc,f6768b6fb3e58bb704aca1e22a7ffd11e7ff07cb,f630ecdf457e27dd24d3b9e0a6bc1c13
v1.4.8,fbefd6b816a846936dbba847ce85dc1ed55e3faa,a850016454f6d33da64d03dbd1ea71fd0fac299f,1e82544b07f13394da8da305858de5ab7caae7ad,3a77dc0e4b817ac9954a776220a09629
v1.4.7,1bfa2f23114829513a9d2c0a7a27d743287acc2a,c4d14a00716fa616b69d51bab957aee483bdc9c2,cf32584870c752f0f00927edb40eec0adda29fd8,fdcf6c4b13c56e5ba32ccc991fc0d80c
v1.4.6-hotfix.1,4ed13e022cae194aebdc9c5dfa6c2c3c62eeb8fb,c4d14a00716fa616b69d51bab957aee483bdc9c2,cf32584870c752f0f00927edb40eec0adda29fd8,fdcf6c4b13c56e5ba32ccc991fc0d80c
v1.4.5-hotfix.2,e9264c36e4c8d41b28335ee26d9a5a1659302f07,3a3f707d5a9b17388b60ff10b9f65b0c6a3c4134,991c9da7205b512e479283419bcbdc19f1f1f6c2,12ede50e1442e2577bce79348e3bc031
v1.4.6,ec93c87c8902c63e5b0e71ff761f201d19dc4327,c4d14a00716fa616b69d51bab957aee483bdc9c2,cf32584870c752f0f00927edb40eec0adda29fd8,fdcf6c4b13c56e5ba32ccc991fc0d80c
v1.4.5,99866f4a3dd1bf860c846e10d02af9ad125f9fe1,3a3f707d5a9b17388b60ff10b9f65b0c6a3c4134,991c9da7205b512e479283419bcbdc19f1f1f6c2,12ede50e1442e2577bce79348e3bc031
v1.4.4,3b3f6c7a041978505b310b5b50390c2f5ff7eaac,0d83a2ecd1bb78f8e1f0ed9719ff3751cdfdd064,fa74184b7aad2a441a23c4c2f4160c09cc69ec32,8d7ca9eab85b719a6371e8d851b51044
v1.4.3,64a28e3685bee310e697a91612d7e30d0426cda2,0d83a2ecd1bb78f8e1f0ed9719ff3751cdfdd064,fa74184b7aad2a441a23c4c2f4160c09cc69ec32,8d7ca9eab85b719a6371e8d851b51044
v1.4.2,141f87b32754267cc02bae03477c4b109b828324,0d83a2ecd1bb78f8e1f0ed9719ff3751cdfdd064,fa74184b7aad2a441a23c4c2f4160c09cc69ec32,8d7ca9eab85b719a6371e8d851b51044
v1.4.1,204eceea93694aa081e0132c8281b76d3b3d6b4a,0d83a2ecd1bb78f8e1f0ed9719ff3751cdfdd064,fa74184b7aad2a441a23c4c2f4160c09cc69ec32,8d7ca9eab85b719a6371e8d851b51044
v1.4.0,18a08a8f4f7bca0d25f34706ebc8af231f3db9d4,dd6be2fd83710de8392fb554927a5d495684a13e,fa74184b7aad2a441a23c4c2f4160c09cc69ec32,8d7ca9eab85b719a6371e8d851b51044
v1.3.14,8e7e435706553edea6d350c3843f1c0e5465a0d8,d4d4883216fd1c1dfc17d41418a960c002cfff57,5e9df35a5794413202fbcaf0c41f6d4c5d2e7b81,34262bf031ae3b5c8fb9375bf45e037f
v1.3.13,59ce7d6bff0d0626ae4b90787bf993ebcdc4b110,e75f6de01fee738eb15f24efb0ec549587009f1a,7418238239f885ba92093c44a1768f8ec93b121f,e7c8a6096e8cb3ada7a6550e3f87ea88
v1.3.12,a1bee54fda83026c01edd53ba32f01736b4ee4ad,e75f6de01fee738eb15f24efb0ec549587009f1a,7418238239f885ba92093c44a1768f8ec93b121f,e7c8a6096e8cb3ada7a6550e3f87ea88
v1.3.11,73fb457cae005cde3e351fc9e1ba1b43de458aad,403337ebb893380101d1fa9cc435ce9b6cfeb22c,7d560f8385eaeee0fd95ec08e25db0c217b1cd3e,31d853261e7a9884297e9a39762a5107
v1.3.10,4feefa3c9a2176ca7383246c4c01b36254fbec85,8b1a299ed52d4ef9521ccd65c6c52d563129d8af,674fd0e060a33deeedbc2f8fae7c32c7e3f0d8d5,b44d84a50bc3dcd23e0979b1bf79849b
v1.3.9,f91df4abe1427fef8862c9e81b2e5af6fc05a67a,4e54bc93ca9aaf2156fb06266c9fe509e8599a5f,2fb6cd9f5ff78fb347795f383a748a1e37d23275,cde614e2103dec94e73556e623ae89e3
v1.3.8,e5b1ed7a7f7b85c1877e09a9495681f719be5578,f4951df193a7966f9ed4da43d555eee0913d84d1,571ea80e1101e706980ea8aefa7fc18a0c8ba2ec,9a66dcb2da955dffdbdb0eafa0288784
v1.3.7,01a29b85eff7dd4b2d4958f61adf1840042471cc,f4951df193a7966f9ed4da43d555eee0913d84d1,571ea80e1101e706980ea8aefa7fc18a0c8ba2ec,9a66dcb2da955dffdbdb0eafa0288784
v1.3.6,5099701f88f49ec12ebca676d8e61149917bde9c,4f54a1dd944497bd1ec0f2acca22ff9fbd8b377a,7c70ab1817ad6553f21fadadf0a88fe568ee8745,a1aaab2706cefc32dd1df8e973509540
v1.3.5,013fd2112bb2ffde9b4d6474f5192466cdfa8320,4f54a1dd944497bd1ec0f2acca22ff9fbd8b377a,7c70ab1817ad6553f21fadadf0a88fe568ee8745,a1aaab2706cefc32dd1df8e973509540
v1.3.4,7fc14a55af64462763d28abfb4e610086c6e0f39,e9eae9a1af77400d02c498f0ad943f2858845398,7c70ab1817ad6553f21fadadf0a88fe568ee8745,a1aaab2706cefc32dd1df8e973509540
v1.3.3,778e95a39b82688662e8be7cbe2deb31cad33203,39c46dea4b7347a252218aaff5caac5dc2fec8cd,7c70ab1817ad6553f21fadadf0a88fe568ee8745,a1aaab2706cefc32dd1df8e973509540
v1.3.2,046f960ae210afc3887721b1b5aa1dbdab4105cb,99f3f7a9c246f1ebedc6eefd867cde250b370380,7c70ab1817ad6553f21fadadf0a88fe568ee8745,a1aaab2706cefc32dd1df8e973509540
v1.3.1,6ed9da35c3a4f6cc79d4f91bf850159908daad8e,3e4e6f5c54db7a705e6d50f7f3bddfa2ac0d6612,40bab34fbd08673b469b86c01f211cd0b6e805c5,a1aaab2706cefc32dd1df8e973509540
v1.3.0,3054a935791bf0bcc34ba0a111df794ddb7a3589,4434a39c7d545ed47186b2f4d98cd09c8366e720,0f9a5198bd644e908adcf8061e6a9722a40a2f93,089cfea6f089ab5f4bf8ccd2f7fc27b7
v1.2.2,007a415c2a2fa37e8fd5ad87d6710bca8e212ef1,f1f19bba8f0089490962316867bd222727510ac5,c92d5ca288da15b54b04c0a40ffe5d94a8883d77,67d5e890b128b2d4141263de5f1ac0d1
v1.2.1,8661d8aecd626f7f57ccbcb735553edc05a2e713,3757390fa4b00d2d261bfdf5182d2e87c9113ff9,0a7dcf17eb5f2450480527d6ad1e201fb47f1e36,0c73eb70aa4d30f450273cb424be8c62
v1.2.0,06b979c4d5e1b499745422269f01a00341257058,36acd02c9412d0c1e6acbe0fbcb3dd03cda038df,f4afaee42274f9bfd45e63870c4620b5b03cef1a,1a4f095af4bcb46ca81bb57339e9667a
v1.1.9,1407091bfb5bb535630d4d596541817737da8412,e5ec3cf3ea5ce78c6c3116271601f60d30a799d4,2cb346bd0cce075a5b7988cedb678e822a1d50f4,3947bc0a491e1bff1e958074ad43839a
v1.1.8,985ccb6d14c6ce5ce74823a4d366df2438eac44f,7112b72cc229e05d36716c3d7739885d3ffa72e6,ec86471ccc47a62df8b4009e1fb37c66ff9dc91b,317d4c7e607b1fd7d682c0010aadf1d0
v1.1.7,0d5ee0560b50defdfc20c7116c8016f43da6f725,7112b72cc229e05d36716c3d7739885d3ffa72e6,ec86471ccc47a62df8b4009e1fb37c66ff9dc91b,317d4c7e607b1fd7d682c0010aadf1d0
v1.1.6,d8b57c2ab255f84f54fbb6f62c09dd257d4ae19e,7112b72cc229e05d36716c3d7739885d3ffa72e6,ec86471ccc47a62df8b4009e1fb37c66ff9dc91b,317d4c7e607b1fd7d682c0010aadf1d0
v1.1.5,63b2daff7f91afeaac47f3646f59eefd59210c41,f0a1d6f91d93b0f0e4ba67defd2ef74abb978cdb,d1817ddc91fd3aea061647b2e21860c47a5a5180,d34ae752ec85f5cda6ceae512181eb36
v1.1.4,7a88fbc5fd987dce78e468ec45e9e841a49f422d,dbdb5e6f8c9fc8add75d7b5a19bdaa1144a9332e,f9ebf2129732fd2b606286fdf58e500384b8a0bc,8343f188ada07642f47c56e518f1307c
v1.1.3,b5df92068182b1189e4201c2ddb57eec520389d6,526e0e3afb2c6879a7924246521813790c4deb48,f9ebf2129732fd2b606286fdf58e500384b8a0bc,8343f188ada07642f47c56e518f1307c
v1.1.2,d675bbbd3a0f1e0992961e52161227c6ee37d0e8,101b27da7a1b9906d370fdf0612bf3ff31bd860b,f9ebf2129732fd2b606286fdf58e500384b8a0bc,8343f188ada07642f47c56e518f1307c
v1.1.1,65df90d8b5e1145e1022c365bb0465aa8c30dcdf,25b58c0c67dc740ec3404ae9dc0d05c5e088f68d,f9ebf2129732fd2b606286fdf58e500384b8a0bc,8343f188ada07642f47c56e518f1307c
v1.1.0,3cca1a2ec35604ca50f9c656b8e761b07a00a9ed,7375a0f414bde4bc941e623482221db2fc8c4ab5,f9ebf2129732fd2b606286fdf58e500384b8a0bc,8343f188ada07642f47c56e518f1307c
v1.0.0,5391447fae6209bb21a89e6a5a6583cac1af9b4b,7375a0f414bde4bc941e623482221db2fc8c4ab5,f9ebf2129732fd2b606286fdf58e500384b8a0bc,8343f188ada07642f47c56e518f1307c
v0.11.13,58c8489fcdb4e4ef6c010117584c9b23d15221aa,7375a0f414bde4bc941e623482221db2fc8c4ab5,f9ebf2129732fd2b606286fdf58e500384b8a0bc,8343f188ada07642f47c56e518f1307c
v0.11.12,06ec8d3b41beb469d845626e36a246ee09300fa7,72c7a7567228cdaf8b7aa4a9e3d212ef9d4cc0ed,f9ebf2129732fd2b606286fdf58e500384b8a0bc,8343f188ada07642f47c56e518f1307c
v0.11.11,e7680128afbbde443d69f89bb264015276a8475a,be973ea196127383f356d39be466e2f3bd163083,f9ebf2129732fd2b606286fdf58e500384b8a0bc,8343f188ada07642f47c56e518f1307c
v0.11.10,c27c4a265e9ad295e5d434cddabbc639b2e3542d,eebc6a58958587203f624528ff46b1d4b2b0f2fa,f9ebf2129732fd2b606286fdf58e500384b8a0bc,8343f188ada07642f47c56e518f1307c
v0.11.9,d48e6e433cc5ca67b24b19f70aaa197e84ba63c1,5c8147450db52b81232c138b9f9a65a8f9c61862,f9ebf2129732fd2b606286fdf58e500384b8a0bc,8343f188ada07642f47c56e518f1307c
v0.11.8,f5b02e3c05ed1ab31e890add84fb56e35de2d392,1baf081343530dbaa8bec378fe1ce26b4897c23f,f9ebf2129732fd2b606286fdf58e500384b8a0bc,8343f188ada07642f47c56e518f1307c
v0.11.7,7a005e1dcda665ace7241a24e79fae1a71f17b18,2e06da3df9cb370795f49747fdfd295b8168c133,f9ebf2129732fd2b606286fdf58e500384b8a0bc,8343f188ada07642f47c56e518f1307c
v0.11.6,d44aa57c120c30d523c937a0455a6af30e743da9,114d33d3caa24d260f15529e1f3f50783cbccd9a,f9ebf2129732fd2b606286fdf58e500384b8a0bc,8343f188ada07642f47c56e518f1307c
v0.11.5,97e03104a0913886a666a36f5d11ab5763d45e6e,4959b71d6a1b1473911970428b16ac02397d930b,9c07fb64c48adb3d6fde50bab6b8b641c5b67683,d124ce50a30741a188e41c52c424c127
v0.11.4,df57dc9da9905744fa0b49fe30254d6d7b204d5b,5646e86a6f442dc6f4158ae7010ab13d72a0b356,9c07fb64c48adb3d6fde50bab6b8b641c5b67683,d124ce50a30741a188e41c52c424c127
v0.11.3,72bf075e8d6961d2ca6df462b2228954f8d0e73a,5646e86a6f442dc6f4158ae7010ab13d72a0b356,9c07fb64c48adb3d6fde50bab6b8b641c5b67683,d124ce50a30741a188e41c52c424c127
v0.11.2,e32cd85446c6fd5afdbe1ba463c18e2b2ee27781,316f6365a64bd66fdf9c1ada3ed0a91d9533b9c7,9c07fb64c48adb3d6fde50bab6b8b641c5b67683,d124ce50a30741a188e41c52c424c127
v0.11.1,756d5938d4eb4ef1572075fae7744502d870c7ba,59f79d0d64c915c6ba04099206e3fed5b9d5a4a1,9c07fb64c48adb3d6fde50bab6b8b641c5b67683,d124ce50a30741a188e41c52c424c127
v0.11.0,c319b890b33f2c15af043f2ab857e7c2944beefa,162b2e98c036a8f8c355fd475dbe0db4f4bc886c,bf26f760b1bb3d5fea6bda110f6a17b590364120,46b2bfb57b5647c5f7527ff9aa56c69b
v0.10.2,d8cbb80206db06d151206f8b599b7dde5a386a2d,6c2ade9fa2b555899530a31cc8cbd1dff3bf5eea,bf26f760b1bb3d5fea6bda110f6a17b590364120,46b2bfb57b5647c5f7527ff9aa56c69b
v0.10.1,6a3ff018b199a7febbe2b5adbb564081d8f49e2f,3860a43379fa3a7474427a671c794fa29e555c10,b99bcfd3099f0d32e39287160a9539e878cb0b68,787a4777f88a79e31da4816394307ae1
v0.10.0,d954ae6850a06ea461d5595cef424e278ed9f17f,bf377896ff0fc190301436ff32a592f3bab75e6b,a50dfd66980ed5c9aef9851fcc57557fb607769c,62ef4dfcf98329d5284e035d0513511a
v0.9.6,13684e4f8e9edb4c2b2a0fd8e1439f93e6e30fde,f6af1f20ba92a819401d66ae4b2179b0775b0e12,8a919426f0e8665a0e6b01c2fcf3113587f8b040,a8259ee8cefb98a6f997d8518f7971c2
v0.9.5,020fd590b032c403b82688933e67474215b1debc,38a646e14cc25f5a56a989c6a5787bf74e0ea386,4cf2d3990bac1f1df2f524899e1560a3683f3133,45a2b041cb2fd244807ef704d221ceba
v0.9.4,f37c235c32fc15babe6dc7b7bc2ee4387e5ecf92,74625aed323d04f2add0410e84038d250f51b616,a2eb050044eec93f0844667b8b6132e858467e4e,a135b1a4c6790a272609c9405379bc63
v0.9.3,eed8c7ad07a2ba90b0a57d0aa7cc6ebed1864ecd,71457a67d0f9b10e8442d6db6d711bf00185ea66,c688d0c0c3ad3dece3a79ce0e115d787a94707ea,d6f42425feaac5aa95a1973e376bad82
v0.9.2,85b4670b2aee067838821d4c4020315c16e8930a,2e8e96fad1ada324adca718d13410a98d9bb1036,4eb879133a06c86869dc54cecf904f4b1d46c47b,f3cf6417f170a4b4eb7fcdfd07cf28b4
v0.9.1,bf7c27095cc4dc07c03d8a6ad2e9e0e28e26227e,9e315e64659ea966eba58bada2b51112b07d284c,050561fd82be5e775316223c9d2d9e7e5e596c8e,7571f3801809ac20f48b0e38647900e1
v0.9.0,f8c50ea15f6a78fdb6fa038cf3fb70fb154714ef,9e315e64659ea966eba58bada2b51112b07d284c,050561fd82be5e775316223c9d2d9e7e5e596c8e,7571f3801809ac20f48b0e38647900e1
v0.8.7,ccd070a5b42d18d1b8dfce4e8b59417373122dc2,9e315e64659ea966eba58bada2b51112b07d284c,050561fd82be5e775316223c9d2d9e7e5e596c8e,7571f3801809ac20f48b0e38647900e1
v0.8.6,9f359aeee2a474fe9c565b3b59cf1d504b919b4d,b0b19d6ce1d23a5ca766ecc08199df1e27028d43,bb56d4592f7cde38cdf0a04ad7f40d105af99d11,42e9e3a62930abf238d6ebb1ffe56a9c
v0.8.5,2bca8007bd1962940fa3b3d568bc52e446005616,72665c6827a566e626bde75a4289609fb65ac657,bb56d4592f7cde38cdf0a04ad7f40d105af99d11,42e9e3a62930abf238d6ebb1ffe56a9c
v0.8.4,7f7a731da095addd1ce684a6a2f4bc8651229769,7a9b430d740b9a7ae4d9a6d44357d83561e1124d,c28db2d6e17f046f95db5987394df43c95d58468,42e9e3a62930abf238d6ebb1ffe56a9c
v0.8.3,2895d71b79b1482c8c1d1de387d04e2a5e667f1e,c0e6f6a6e665b8b5f66038819f15701dbfe2f0da,05ccfa85024ab2985824ee8e4070c2eee8454f81,da2016f767d32cfe970546ea3ae63026
v0.8.2,5ab9e70727d858def3a586db7fb98ee580352957,58a1894a1cd798de2f9a206f157a90d45944028b,760a9690c22ec3f3d163173737f9949f97e6e02a,1b444eb4796616ea2f955f3f1e440801
v0.8.1,0235ec59d108f8b4f6c6a664cc11c56c11cbb50a,9b297b3b51228d5009b47a09cc7c8e9774877f5e,760a9690c22ec3f3d163173737f9949f97e6e02a,1b444eb4796616ea2f955f3f1e440801
v0.8.0,a74f591d0c05f2173448b2b421785b8dc51e8370,de4c7a53f21cd0d2dd1cce9ea000e7f6a5398c2f,760a9690c22ec3f3d163173737f9949f97e6e02a,1b444eb4796616ea2f955f3f1e440801
v0.7.5,eab5cd9853c13ec2207977d9b9ef7b6750fe0817,dc7b5eb89da31cddc2abc91aa5b30bcc6d66e70c,760a9690c22ec3f3d163173737f9949f97e6e02a,1b444eb4796616ea2f955f3f1e440801
v0.7.4,ce51e71d19eeadaa079d70388a61f7ae710313f7,252da4808277ef1c7de0bdd7f0689fe05c7ec79c,760a9690c22ec3f3d163173737f9949f97e6e02a,1b444eb4796616ea2f955f3f1e440801
v0.7.3,3b309bda072a6b326e8aa4591a5836af600923ce,af42b6dc95bd9f719e43c4e9f29a00640f0f0bba,ccb16f72824374163562364bf19dd18e8a882fab,d0cf500478165d79bdefccb0847ffb33
v0.7.2,f8a2fc7c287ea0f25bb893d56caa45302d22eed6,af42b6dc95bd9f719e43c4e9f29a00640f0f0bba,ccb16f72824374163562364bf19dd18e8a882fab,d0cf500478165d79bdefccb0847ffb33
v0.7.1,3c624f8b2c578fe7c14ae1b2dec725e265891758,0b728a3140015137a1c5eb81b486afe279ddd981,ccb16f72824374163562364bf19dd18e8a882fab,d0cf500478165d79bdefccb0847ffb33
v0.7.0,09fe34708f5767e3dac6b04943677d2d8962b78c,4b271b2e0265428fc144c5ce6c1234680631d83e,69fce633b72e158f5ac553cf3f0f4fcd0f7c735a,20e1c85108022aa0da0b6116a5430f19
v0.6.2,392a178169a9e620a5ae8e55c40d4276cddd3b36,4b271b2e0265428fc144c5ce6c1234680631d83e,69fce633b72e158f5ac553cf3f0f4fcd0f7c735a,20e1c85108022aa0da0b6116a5430f19
v0.6.1,ad1eaff45ab97ab65e2dd5aba768d19a4b48d49b,c23690f0d751898a0ed5eab4c5242a9e182b54b0,be6309690fd60284a87f3258a740c7c30efb1092,35224090f45cbae1402bafd97a112a40
v0.6.0,9299c02cf708497d6f72edda8efae0bb8340660e,e3687f70c7ece72000b32ee1b3c02755ba5361ac,be6309690fd60284a87f3258a740c7c30efb1092,35224090f45cbae1402bafd97a112a40
v0.5.8,e4b989bf3dbefc61f11bce298d16f92ebd9cde41,37779318019c397471751fe67ba0fefcd0d720d7,eab492385c3f345cb2f44f3b702b0e30e4a9c107,77ed80617eb2b1627e6c51ae7252c677
v0.5.7,66091f969653fd3535b265ddcd87436901858a1d,6fe748490d1772d72274bf8b9efb72c5c2160237,4c9689c1d2da97d0aa25cf16cc90c2e463ad157f,ffb1195e9b89c663b3728d1c31618334
v0.5.6,472bbccf756e7954af2a81d2c8abc46d65a570af,6fe748490d1772d72274bf8b9efb72c5c2160237,4c9689c1d2da97d0aa25cf16cc90c2e463ad157f,ffb1195e9b89c663b3728d1c31618334
v0.5.5,020e0ef55ce73d94284db593f895bfc3a0b520e9,c3976b3c7183f479717bffed3f640fb92afbd3dc,c95617b19c1bfd67bce35c8737429f4e26975ac2,620e7a3f6ea0629bfbf138cfda2b61fa
v0.5.4,3019ad976d333cceb903b3f53885cd9ae678a622,d33bbff47055bc3f1cddfb768881b395c4ac19c2,a5e41681e55d1e74684bfff530218db556d77ee8,fd5b7e46645767083d8f2b8433d7f761
v0.5.3,691cbee61343977c5fe09eef45694f0d755d2d1b,5d2f24aa5cbdbe3c5d41b2b261873d26f4077c79,a5e41681e55d1e74684bfff530218db556d77ee8,fd5b7e46645767083d8f2b8433d7f761
v0.5.2,0a26ac09703b92a939fe3340c0584657a1791566,a83b37d35acd8afd82be3f567a4b7231d5bdb928,a5e41681e55d1e74684bfff530218db556d77ee8,fd5b7e46645767083d8f2b8433d7f761
v0.5.1,c7ea3ca377e909469c68f2ab878a5bc53d3cf66b,1ed25ca7b7e3e3e8047df050bba4174074c9b336,f981f097602ca434ce0a36b1f704723cad105fb6,04cb98b58e7d69109004454c20b492f7
v0.5.0,a863817c045396bad2830a80e722903154dda32b,2b1f3dbe25894d7614587f494a25b40fdb344f4a,97b6c2e09d6532eeb622d85f23109f3f3b6d2b61,129c1a9917052c59c17229d1d019a956
v0.4.4,f9bb4289e9fd861d70ae78bcc3a042ef1b35cc9d,06afdfe54ebef9168a90ca00a6721c2d36e6aafa,46ab040e589adc5200370dec7952ce5150850822,1b155eedbb3a2640a88d2e54d2f2d204
v0.4.3,f086a45f8259fa77ef931ad2bfbb630360a8f5a6,9ae10ef702e76585ea498bdfb2b40181017623ad,e6d7d67f4b35556805dd083fed15bf3ed41f7e33,e005a87ed1e2a5f982744b8074199787
v0.4.2,de332ec78292c2d79fdb76034328f902c9087ee9,e976be13c51448f89107d082ec81e2b6731671fa,e6d7d67f4b35556805dd083fed15bf3ed41f7e33,e005a87ed1e2a5f982744b8074199787
v0.4.1,e8d08744683d25661c6150b3b247c049719e99ba,e976be13c51448f89107d082ec81e2b6731671fa,e6d7d67f4b35556805dd083fed15bf3ed41f7e33,e005a87ed1e2a5f982744b8074199787
v0.4.0,7984f6e043ee661b420e70c72241973c676034e5,e976be13c51448f89107d082ec81e2b6731671fa,e6d7d67f4b35556805dd083fed15bf3ed41f7e33,e005a87ed1e2a5f982744b8074199787
v0.3.6,be09a200ee19024db34257653b067dcf5b998dc2,e976be13c51448f89107d082ec81e2b6731671fa,e6d7d67f4b35556805dd083fed15bf3ed41f7e33,e005a87ed1e2a5f982744b8074199787
v0.3.5,7ffcd3d22d7bc1222d53d6d3bb83f59891aac2c2,ec611470b571c35156723a163fdcacd1f58b1809,fe606f890b0a311da802c78b0af414a3c2087a79,39646f79e9336fb65ac68c8568544c92
v0.3.4,c7ee37a0d88bb3d60ac0f70cf381cd2492baf5e4,ec611470b571c35156723a163fdcacd1f58b1809,fe606f890b0a311da802c78b0af414a3c2087a79,39646f79e9336fb65ac68c8568544c92
v0.3.3,a742b11a50ad5d70f44a219e4a29a9fb5ca80252,cb3376c5dedb71cec7a88b8a8904acc5dd6c6ba1,fe606f890b0a311da802c78b0af414a3c2087a79,39646f79e9336fb65ac68c8568544c92
v0.3.2,44b7e7d3f42f050a79712daab253af06e9daf530,09d05a38912a3c1a906e95099cac9a7e14fae85f,fe606f890b0a311da802c78b0af414a3c2087a79,39646f79e9336fb65ac68c8568544c92
v0.3.1,12bbaba9ae044d0ea77da4dd5e4db15eed403f09,09d05a38912a3c1a906e95099cac9a7e14fae85f,fe606f890b0a311da802c78b0af414a3c2087a79,39646f79e9336fb65ac68c8568544c92
v0.3.0,c73b8a7cf63455189e9dc005010f2c9b34497420,8a6e64a8ef09f1f1af207725b40022d8d7a9dcd7,41264590256de42c68de406fc180e338efc9420d,4bef249ea9718a0b708f17a4a98f9b59
v0.2.11,f408bb06f9361793ca85493c38d809ee1e2f7e30,6474647f5210a968d186901cc511153ec442e897,ef926f98f525b085e1488be8c42b1c3f0a24c50d,5dc50b7942c1acdc5e20d7a99b981227
v0.2.10,d6d874474b21b512aac03f1dcd0d3b88835cdcdd,d2b69fec751d6d11f62019c863b2cba4ce575bfe,09e1766e6caa537e1271fbce04ebcbf8212b6569,c43eada86a2f4834d028602dc4840e01
v0.2.9,487e6bc91efd3b8ef859a31963b26e19d12ca6fa,04f3c6557c02879191a558320ed8ec81f8b2b619,52afcba357ad398e8c24f3e3363ac6ff5293df63,d72bf5003e5924b61a7943f58e7b6814
v0.2.8,b397406561f5e7a9c94e28f58d9e49fca0dd58b7,c903c217a1a8206cdebdab1703b52ec6180edf37,52afcba357ad398e8c24f3e3363ac6ff5293df63,d72bf5003e5924b61a7943f58e7b6814
v0.2.7,0c89920069320b75d1fa4a47d36b2c48cf85697c,c903c217a1a8206cdebdab1703b52ec6180edf37,52afcba357ad398e8c24f3e3363ac6ff5293df63,d72bf5003e5924b61a7943f58e7b6814
v0.2.6,1d067220daa06be91956de1130d93e63fb2f1a5a,9af82c5a1a79ae02477db13e721c8365f31a4840,e3051175192c83fafa3636c0f16d804734bb285a,8f8bcefc1534f548f00d8d817877e101
v0.2.5,bffae2157102dd75a625153d3dc866d3de69c853,dd6f46c485192f4506035088c9065b9f5dbba9ab,2f68e82526d59b679a522e25db224d8c7e23d280,0053515318c68502ae0307040ac1746b
v0.2.4,3352a3fb488df4742ff323243d3dc44d9b7cd3e8,6280adbfb1f9f63cdc6179b9b78634add1e4f2e3,06949dc98556adb807e270c47cbb9407ec781064,48af31030bbb45e2f3e620514fd8a27d
v0.2.3,5a58b36e36b8d7aace89d3950e6deb307956a6a0,e61bb9ac3a3fd789754e2e54220bcfc27076a857,290c576264faa096a0b3206c71b2435309d9f904,0d015018f02a6de0c92ac1ac59191b55
v0.2.2,b9bd51cc36b706215915711e580851901faebb40,e44cd55fc452ba5524147280c451fb3ace350ec4,290c576264faa096a0b3206c71b2435309d9f904,0d015018f02a6de0c92ac1ac59191b55
v0.2.1,6f5bcb97a43e45b302b6b8d9eb5ef9d54f09515e,24cf8ebd8621713a6936df783dad5019f52bc85e,b5b8080b2cfb1e4943a19787ee96548a4a604f7b,667a3bf9d477f047a8d88dddf6d8bfd1
v0.2.0,f8ac23cd8646538634f63032df4bfaf3b597007d,a00f8e8bc0f3d08ec0c0ca24b01226441bcaf03a,ee15c8eb689791f6777eb3f6b0a1e9c58ff0671b,1461982fa5039fab6ecead9f19228670
v0.1.9,70f60b17d7de9844c356fb7ab0e2cf1630a70965,97b22348c8d5cba471418dc94f9e384e384e796f,ee15c8eb689791f6777eb3f6b0a1e9c58ff0671b,1461982fa5039fab6ecead9f19228670
v0.1.8,6993b203c05477fec537f566be7ff7fbf072d33b,e133da723c603eb43c5bf03aeb27e79c06a50e0c,0b4f01f7593c8c42a77dc27d1fc234c95eacc88e,9bc066b6e8ef5a9f7224c2926c6ad2f4
v0.1.7,3b84503403563ba77cf5388b98a89e39f2c2151e,ead227f118077d1f2b57842a32abaf105b573b8a,0b4f01f7593c8c42a77dc27d1fc234c95eacc88e,9bc066b6e8ef5a9f7224c2926c6ad2f4
v0.1.6,1f3eb5034ff2372956620b2a9eb88683eee9495e,ead227f118077d1f2b57842a32abaf105b573b8a,0b4f01f7593c8c42a77dc27d1fc234c95eacc88e,9bc066b6e8ef5a9f7224c2926c6ad2f4
v0.1.5,3ea4d06340a97a1e9d7cae97567c64e0569dcaa2,ead227f118077d1f2b57842a32abaf105b573b8a,0b4f01f7593c8c42a77dc27d1fc234c95eacc88e,9bc066b6e8ef5a9f7224c2926c6ad2f4
v0.1.4,f914e701c51cfaa835f68aee08899997892a5040,13cf22c284c24f81357aec6a89074a536efbf4d1,0d5cf900b021bf5c9fa593ffa12b15bcd1cc5fe0,6d3e3894481b838714bdbd0e455834a3
v0.1.3,d4e973351ec2ff3e3e0d5c77e6875a465738cfbb,e5b72e5f87cae358b457b6c1cb55c4560ce3c46c,0d5cf900b021bf5c9fa593ffa12b15bcd1cc5fe0,6d3e3894481b838714bdbd0e455834a3
v0.1.2,8a65872ef922ccf62bb09cbf88b0734f74f9a305,05c5f817eb731569ddaad6397ee9ce000d37f2f1,3c4dccbd46f152be9e1b6ca95c57357e8e48057c,a554f04597e141e80d674ad189b8fa48
v0.1.1,f802cf6d16b77d5453f459e90d3f03207833b81c,f5a4a9378740c3d5996583a9ed1f7e28ff08ee85,32396138ff733cbe8d9ac32178e6cffccdf80644,77daaba91fa44c67030dc12050ed09f1
v0.1.0,ab4506cad2a860e1cb6186c0957eeb86024a7c6b,337764e4edebdafad6685a4af81b84d456dac687,32396138ff733cbe8d9ac32178e6cffccdf80644,77daaba91fa44c67030dc12050ed09f1
v0.0.24,788f01f90dfa49642188a65ecda708ac0f4071d7,9bc2efdf47b102e3c7cfe84bcfc17327f1a6d6ac,ea91bc9888184d5a2fc309c36656fdd325ef503c,77daaba91fa44c67030dc12050ed09f1
v0.0.23,5b46e0a4bef24e1c1302ba3ca40a99bd20a192da,d5338ed14376f62b252078b1dcd742bd3b01a7da,7078f6be58802c4e274625b8b59b4c855ddc4fb7,4318cc187e79d173466e7871a2488a08
v0.0.22,3001b3307dc1d47fcde9697dd2a82b77450c2a57,8f2d72b183fa996449d2a2252c497a64126b44c4,7af4db0ea091dddca6b2da851e6dda8d7f9467e8,3528bee2f07ae700286115162f52b43d
0.0.21,2e449f06f0a3be076e336ad6b30b0e9ec99dbdfe,6921873c71e700235c0f68f0359be2332f93c8bc,da1f52592ef73fe3afa485385cb995b9aec0181a,3528bee2f07ae700286115162f52b43d
v0.0.21,2e449f06f0a3be076e336ad6b30b0e9ec99dbdfe,6921873c71e700235c0f68f0359be2332f93c8bc,da1f52592ef73fe3afa485385cb995b9aec0181a,3528bee2f07ae700286115162f52b43d
0.0.20,8f65fec5f5f7d7afbb0965f4a44bdb330a28fb19,edaecdc8b8098f20512c23745b9d0b135a8ee56d,d8ae797298c3a6cf8dc9f4558707bd2672224d3e,8ed2b9130065c72a181a9a40e17387bd
v0.0.20,8f65fec5f5f7d7afbb0965f4a44bdb330a28fb19,edaecdc8b8098f20512c23745b9d0b135a8ee56d,d8ae797298c3a6cf8dc9f4558707bd2672224d3e,8ed2b9130065c72a181a9a40e17387bd
0.0.19,fd7853faad0b0c76381db40af3841024c1bd86c6,b57fca02b5b5465b2c553952cccd2b595ace2b65,d4cfecb1065d322d3670df7e9ec9a0cc2d4b90f0,3cebf13e885ccde5bf5d36d308390ddf
v0.0.19,fd7853faad0b0c76381db40af3841024c1bd86c6,b57fca02b5b5465b2c553952cccd2b595ace2b65,d4cfecb1065d322d3670df7e9ec9a0cc2d4b90f0,3cebf13e885ccde5bf5d36d308390ddf
0.0.18,d957c8f040902aa3fd44b367150bde56b64cec83,77d8acb9be65e6725c7c4292fe2e3b1159c0aeb9,edf890f30cb465f508933d065a60147f1cd3e038,cba4233252427d477117f346bcf7bc44
v0.0.18,d957c8f040902aa3fd44b367150bde56b64cec83,77d8acb9be65e6725c7c4292fe2e3b1159c0aeb9,edf890f30cb465f508933d065a60147f1cd3e038,cba4233252427d477117f346bcf7bc44
0.0.17,e8aa40eddd3b91ba1a2d0c2c1e34db0f38e4290e,7c4142808c700f939be5305067b94097894b3d11,87538ffd7eca3405d13e46dcf3a20dcdcde9761e,825f5e94fc60b78832b74d2ce25377f9
v0.0.17,e8aa40eddd3b91ba1a2d0c2c1e34db0f38e4290e,7c4142808c700f939be5305067b94097894b3d11,87538ffd7eca3405d13e46dcf3a20dcdcde9761e,825f5e94fc60b78832b74d2ce25377f9
0.0.16,4424892c7915abd68ce674604773519449a92f27,2a84f18c795d24ba95baed360fcb58b3dc66d661,87538ffd7eca3405d13e46dcf3a20dcdcde9761e,825f5e94fc60b78832b74d2ce25377f9
v0.0.16,4424892c7915abd68ce674604773519449a92f27,2a84f18c795d24ba95baed360fcb58b3dc66d661,87538ffd7eca3405d13e46dcf3a20dcdcde9761e,825f5e94fc60b78832b74d2ce25377f9
0.0.15,701d534ba93eaa3452f5e6b8b73ad8bd5a48847b,31d03de019794a4b0e3c98c04cf7be501fb962fb,7b56ef96e2cc77150738366566357912c442ff5b,612403d9b12f03d4d5740731af83c312
v0.0.15,701d534ba93eaa3452f5e6b8b73ad8bd5a48847b,31d03de019794a4b0e3c98c04cf7be501fb962fb,7b56ef96e2cc77150738366566357912c442ff5b,612403d9b12f03d4d5740731af83c312
0.0.14,1c372c6803495a488ac894dc6be8990412eb34b1,f9e00a7c726cb60e9cf4d02ef29bf494bf6cbe29,b7ef001fec0eacd6451ae71746d0a0ef090aac59,f873ca8d965c27e6d39db02578367021
v0.0.14,1c372c6803495a488ac894dc6be8990412eb34b1,f9e00a7c726cb60e9cf4d02ef29bf494bf6cbe29,b7ef001fec0eacd6451ae71746d0a0ef090aac59,f873ca8d965c27e6d39db02578367021
0.0.13,b156a0f0549a3ad3e1134638f26f472427c379be,fef7d827d6e22830ee6c88e8260f118a6b3fbcd9,15258fd7a76cbf49a1b3eb86d8695602e792abb5,c42395cfe15dd68919e04dd94c859b9b
v0.0.13,b156a0f0549a3ad3e1134638f26f472427c379be,fef7d827d6e22830ee6c88e8260f118a6b3fbcd9,15258fd7a76cbf49a1b3eb86d8695602e792abb5,c42395cfe15dd68919e04dd94c859b9b
0.0.12,bbcfb8d51ab12a51f5bc7cedc6d6725b06fac2dc,f2af347363ddb5b4ed9598b285d4f5ce000331d5,1d384ca3ff4aa03bb83471c1c9591a77f1ccd530,9c9491adf9727ee3d3209bcbaac97292
v0.0.12,bbcfb8d51ab12a51f5bc7cedc6d6725b06fac2dc,f2af347363ddb5b4ed9598b285d4f5ce000331d5,1d384ca3ff4aa03bb83471c1c9591a77f1ccd530,9c9491adf9727ee3d3209bcbaac97292
0.0.11,d36e2f6191793de66e0a132ad8c86885829bc6b2,b0dee695ecb9ea2438f4d74afdca45839858c311,65a5707189dec6c5e0174cbc821acfb90f0c9b3f,54dd2b5b98559a6b61b7cf5e01ccacfb
v0.0.11,d36e2f6191793de66e0a132ad8c86885829bc6b2,b0dee695ecb9ea2438f4d74afdca45839858c311,65a5707189dec6c5e0174cbc821acfb90f0c9b3f,54dd2b5b98559a6b61b7cf5e01ccacfb
0.0.10,3b6d84b083956df5652b2fe34c68287579e9b73d,784e9756720f7f6daa15c95ba3df6215bb54783f,65a5707189dec6c5e0174cbc821acfb90f0c9b3f,54dd2b5b98559a6b61b7cf5e01ccacfb
v0.0.10,3b6d84b083956df5652b2fe34c68287579e9b73d,784e9756720f7f6daa15c95ba3df6215bb54783f,65a5707189dec6c5e0174cbc821acfb90f0c9b3f,54dd2b5b98559a6b61b7cf5e01ccacfb
0.0.9,6f77b4a9a76e57c4e6d23e61ba59a0cdd80d22b7,18fdfb86bb3876fcbb4e1d25e5b2aad0c5cd669f,d86cb763b982ae3a3ace96eea7acbd7aa53fae0d,b09888a5ec15bcb98fb3ff93c6ece938
v0.0.9,6f77b4a9a76e57c4e6d23e61ba59a0cdd80d22b7,18fdfb86bb3876fcbb4e1d25e5b2aad0c5cd669f,d86cb763b982ae3a3ace96eea7acbd7aa53fae0d,b09888a5ec15bcb98fb3ff93c6ece938
0.0.8,1a1bbacf0d16c1780377ea77580ec3b05c387f88,4f5d6fab1187c1f5749a52ab5b4277d1bd51ee79,d86cb763b982ae3a3ace96eea7acbd7aa53fae0d,b09888a5ec15bcb98fb3ff93c6ece938
v0.0.8,1a1bbacf0d16c1780377ea77580ec3b05c387f88,4f5d6fab1187c1f5749a52ab5b4277d1bd51ee79,d86cb763b982ae3a3ace96eea7acbd7aa53fae0d,b09888a5ec15bcb98fb3ff93c6ece938
0.0.7,e2f54df5ab96808060c4f91bee0274b2fc126afe,1f2aa075717169d6058ad97b3b5c2794a97a43d7,ae57eca5040cc32e97c9f4728842127f8ca5f742,3b70e6793a0fce902401bb759bc9762b
v0.0.7,e2f54df5ab96808060c4f91bee0274b2fc126afe,1f2aa075717169d6058ad97b3b5c2794a97a43d7,ae57eca5040cc32e97c9f4728842127f8ca5f742,3b70e6793a0fce902401bb759bc9762b
0.0.6,dc4ca8db838a81a27672101b94b4679b3c8c9305,f99d3ef1083b9a126b64fab0c576647108c9a7eb,42ec925a9e8be87e515f06440e01e11c832b8da7,ae2a29fed084a8b63f139ae5bfa56cc9
v0.0.6,dc4ca8db838a81a27672101b94b4679b3c8c9305,f99d3ef1083b9a126b64fab0c576647108c9a7eb,42ec925a9e8be87e515f06440e01e11c832b8da7,ae2a29fed084a8b63f139ae5bfa56cc9
v0.0.20-alpha,73e62d386b952aa5e5f0f74138477757b5652904,,,